[{"model": "econ.slug", "pk": 1, "fields": {"slug": "unknow", "content_type": 3, "object_id": 15}}, {"model": "econ.agency", "pk": 1, "fields": {"agency_name": "Thanh Nhan Computer", "agency_id": "TNC", "agency_logo": ""}}, {"model": "econ.agency", "pk": 2, "fields": {"agency_name": "Nike Factory HCM", "agency_id": "nikehcm", "agency_logo": ""}}, {"model": "econ.cagetory", "pk": 1, "fields": {"cagetory_name": "Electronic", "parent": null, "tags": "", "optiontype": 1, "lft": 1, "rght": 42, "tree_id": 3, "level": 0}}, {"model": "econ.cagetory", "pk": 2, "fields": {"cagetory_name": "Computer & Laptop", "parent": 1, "tags": "laptop,computer", "optiontype": 2, "lft": 16, "rght": 25, "tree_id": 3, "level": 1}}, {"model": "econ.cagetory", "pk": 3, "fields": {"cagetory_name": "Computers Accessories", "parent": 1, "tags": "", "optiontype": 1, "lft": 2, "rght": 15, "tree_id": 3, "level": 1}}, {"model": "econ.cagetory", "pk": 4, "fields": {"cagetory_name": "Laptop", "parent": 2, "tags": "", "optiontype": 1, "lft": 17, "rght": 18, "tree_id": 3, "level": 2}}, {"model": "econ.cagetory", "pk": 5, "fields": {"cagetory_name": "Cellphone & Tablet", "parent": 1, "tags": "", "optiontype": 2, "lft": 26, "rght": 41, "tree_id": 3, "level": 1}}, {"model": "econ.cagetory", "pk": 6, "fields": {"cagetory_name": "Desktop", "parent": 2, "tags": "", "optiontype": 1, "lft": 21, "rght": 22, "tree_id": 3, "level": 2}}, {"model": "econ.cagetory", "pk": 7, "fields": {"cagetory_name": "Macbooks", "parent": 2, "tags": "", "optiontype": 1, "lft": 19, "rght": 20, "tree_id": 3, "level": 2}}, {"model": "econ.cagetory", "pk": 8, "fields": {"cagetory_name": "Desktop AIO", "parent": 2, "tags": "", "optiontype": 1, "lft": 23, "rght": 24, "tree_id": 3, "level": 2}}, {"model": "econ.cagetory", "pk": 9, "fields": {"cagetory_name": "Iphone", "parent": 5, "tags": "", "optiontype": 1, "lft": 27, "rght": 28, "tree_id": 3, "level": 2}}, {"model": "econ.cagetory", "pk": 10, "fields": {"cagetory_name": "Graphich Card", "parent": 3, "tags": "", "optiontype": 1, "lft": 3, "rght": 4, "tree_id": 3, "level": 2}}, {"model": "econ.cagetory", "pk": 11, "fields": {"cagetory_name": "USB", "parent": 27, "tags": "", "optiontype": 1, "lft": 10, "rght": 11, "tree_id": 3, "level": 3}}, {"model": "econ.cagetory", "pk": 12, "fields": {"cagetory_name": "SoundCard", "parent": 3, "tags": "", "optiontype": 1, "lft": 5, "rght": 6, "tree_id": 3, "level": 2}}, {"model": "econ.cagetory", "pk": 13, "fields": {"cagetory_name": "Feature Phone", "parent": 5, "tags": "", "optiontype": 1, "lft": 31, "rght": 32, "tree_id": 3, "level": 2}}, {"model": "econ.cagetory", "pk": 14, "fields": {"cagetory_name": "Android Phone", "parent": 5, "tags": "", "optiontype": 1, "lft": 33, "rght": 34, "tree_id": 3, "level": 2}}, {"model": "econ.cagetory", "pk": 15, "fields": {"cagetory_name": "Ipad", "parent": 5, "tags": "", "optiontype": 1, "lft": 29, "rght": 30, "tree_id": 3, "level": 2}}, {"model": "econ.cagetory", "pk": 16, "fields": {"cagetory_name": "Tablet", "parent": 5, "tags": "", "optiontype": 1, "lft": 35, "rght": 36, "tree_id": 3, "level": 2}}, {"model": "econ.cagetory", "pk": 17, "fields": {"cagetory_name": "BlackBerry", "parent": 5, "tags": "", "optiontype": 1, "lft": 37, "rght": 38, "tree_id": 3, "level": 2}}, {"model": "econ.cagetory", "pk": 18, "fields": {"cagetory_name": "SmartWatch", "parent": 5, "tags": "", "optiontype": 1, "lft": 39, "rght": 40, "tree_id": 3, "level": 2}}, {"model": "econ.cagetory", "pk": 19, "fields": {"cagetory_name": "Fashion", "parent": null, "tags": "", "optiontype": 1, "lft": 1, "rght": 12, "tree_id": 4, "level": 0}}, {"model": "econ.cagetory", "pk": 20, "fields": {"cagetory_name": "Home & Living", "parent": null, "tags": "", "optiontype": 1, "lft": 1, "rght": 10, "tree_id": 5, "level": 0}}, {"model": "econ.cagetory", "pk": 21, "fields": {"cagetory_name": "Men Fashion", "parent": 19, "tags": "", "optiontype": 1, "lft": 2, "rght": 5, "tree_id": 4, "level": 1}}, {"model": "econ.cagetory", "pk": 22, "fields": {"cagetory_name": "Women Fashion", "parent": 19, "tags": "", "optiontype": 1, "lft": 6, "rght": 7, "tree_id": 4, "level": 1}}, {"model": "econ.cagetory", "pk": 23, "fields": {"cagetory_name": "Girl Fashion", "parent": 19, "tags": "", "optiontype": 1, "lft": 8, "rght": 9, "tree_id": 4, "level": 1}}, {"model": "econ.cagetory", "pk": 24, "fields": {"cagetory_name": "Boy Fashion", "parent": 19, "tags": "", "optiontype": 1, "lft": 10, "rght": 11, "tree_id": 4, "level": 1}}, {"model": "econ.cagetory", "pk": 25, "fields": {"cagetory_name": "Kitchen", "parent": 20, "tags": "", "optiontype": 1, "lft": 2, "rght": 5, "tree_id": 5, "level": 1}}, {"model": "econ.cagetory", "pk": 26, "fields": {"cagetory_name": "RAM", "parent": 3, "tags": "", "optiontype": 1, "lft": 7, "rght": 8, "tree_id": 3, "level": 2}}, {"model": "econ.cagetory", "pk": 27, "fields": {"cagetory_name": "Storage", "parent": 3, "tags": "", "optiontype": 1, "lft": 9, "rght": 14, "tree_id": 3, "level": 2}}, {"model": "econ.cagetory", "pk": 28, "fields": {"cagetory_name": "SD Card", "parent": 27, "tags": "", "optiontype": 1, "lft": 12, "rght": 13, "tree_id": 3, "level": 3}}, {"model": "econ.cagetory", "pk": 29, "fields": {"cagetory_name": "AAA", "parent": 20, "tags": "", "optiontype": 1, "lft": 8, "rght": 9, "tree_id": 5, "level": 1}}, {"model": "econ.cagetory", "pk": 30, "fields": {"cagetory_name": "BBB", "parent": 20, "tags": "", "optiontype": 1, "lft": 6, "rght": 7, "tree_id": 5, "level": 1}}, {"model": "econ.cagetory", "pk": 31, "fields": {"cagetory_name": "Shoes", "parent": 21, "tags": "", "optiontype": 1, "lft": 3, "rght": 4, "tree_id": 4, "level": 2}}, {"model": "econ.cagetory", "pk": 32, "fields": {"cagetory_name": "Microway", "parent": 25, "tags": "", "optiontype": 1, "lft": 3, "rght": 4, "tree_id": 5, "level": 2}}, {"model": "econ.brand", "pk": 1, "fields": {"brand_name": "Lenovo", "brand_sym": "len", "brand_logo": "", "tags": ""}}, {"model": "econ.brand", "pk": 2, "fields": {"brand_name": "DELL", "brand_sym": "dell", "brand_logo": "", "tags": ""}}, {"model": "econ.brand", "pk": 3, "fields": {"brand_name": "Apple", "brand_sym": "apple", "brand_logo": "", "tags": ""}}, {"model": "econ.brand", "pk": 4, "fields": {"brand_name": "Nokia", "brand_sym": "nokia", "brand_logo": "", "tags": ""}}, {"model": "econ.brand", "pk": 5, "fields": {"brand_name": "Nike", "brand_sym": "nike", "brand_logo": "", "tags": ""}}, {"model": "econ.product", "pk": 2, "fields": {"product_name": "Lenovo 80T60055VN 14 inch", "product_cagetory": 4, "product_branch": 1, "product_price_currency": "USD", "product_price": "400.00", "product_agency": 1, "product_quatity": 87, "tags": ""}}, {"model": "econ.product", "pk": 6, "fields": {"product_name": "DELL - N5110C7R8G2", "product_cagetory": 4, "product_branch": 2, "product_price_currency": "USD", "product_price": "500.00", "product_agency": 1, "product_quatity": 12, "tags": ""}}, {"model": "econ.product", "pk": 7, "fields": {"product_name": "Macbook Pro 13.3 inch 2016 - MLL42", "product_cagetory": 7, "product_branch": 3, "product_price_currency": "USD", "product_price": "800.00", "product_agency": 1, "product_quatity": 5, "tags": ""}}, {"model": "econ.product", "pk": 9, "fields": {"product_name": "Iphone 6", "product_cagetory": 9, "product_branch": 3, "product_price_currency": "USD", "product_price": "500.00", "product_agency": 1, "product_quatity": 100, "tags": ""}}, {"model": "econ.product", "pk": 10, "fields": {"product_name": "nokia n900", "product_cagetory": 5, "product_branch": 4, "product_price_currency": "USD", "product_price": "500.00", "product_agency": 1, "product_quatity": 50, "tags": ""}}, {"model": "econ.product", "pk": 11, "fields": {"product_name": "Apple iPad 9.7 (2017) Wifi 32GB Yello", "product_cagetory": 5, "product_branch": 3, "product_price_currency": "USD", "product_price": "400.00", "product_agency": 1, "product_quatity": 0, "tags": ""}}, {"model": "econ.product", "pk": 12, "fields": {"product_name": "Apple Macbook Pro 15.6", "product_cagetory": 7, "product_branch": 3, "product_price_currency": "USD", "product_price": "700.00", "product_agency": 1, "product_quatity": 10, "tags": ""}}, {"model": "econ.product", "pk": 13, "fields": {"product_name": "Nike Zoom Pegasus 33", "product_cagetory": 31, "product_branch": 5, "product_price_currency": "USD", "product_price": "200.00", "product_agency": 2, "product_quatity": 20, "tags": ""}}, {"model": "econ.product", "pk": 14, "fields": {"product_name": "aaaaaaaaaaaaaaaaa", "product_cagetory": 29, "product_branch": 5, "product_price_currency": "USD", "product_price": "400.00", "product_agency": 2, "product_quatity": 12, "tags": ""}}, {"model": "econ.product", "pk": 15, "fields": {"product_name": "unknow", "product_cagetory": 4, "product_branch": 1, "product_price_currency": "USD", "product_price": "0.00", "product_agency": 1, "product_quatity": 0, "tags": ""}}, {"model": "econ.productinfo", "pk": 7, "fields": {"info": "<h3>WHAT IS THE 13-INCH MACBOOK PRO?</h3>\r\n\r\n<p>The MacBook Pro line has long represented the pinnacle of stylish and sturdy laptop design, and the overhauled 2016 edition is a huge refinement on Apple&#39;s already great formula.</p>\r\n\r\n<p>However, when it comes to value for money, the MacBook Pro is less appealing than ever. For creatives, the 13-inch MacBook Pro base model is the cheapest up-to-date entry into the macOS ecosystem &ndash; but that doesn&rsquo;t mean it offers the best value.</p>\r\n\r\n<p><em>Note: this review is for the 2016 13-inch MacBook Pro without the Touch Bar. Click here to see the&nbsp;<strong><a href=\"http://www.trustedreviews.com/macbook-pro-13-inch-2016-touch-bar-review\" target=\"_blank\" title=\"MacBook Pro with Touch Bar review\">13-inch MacBook Pro with Touch Bar review</a>&nbsp;.</strong></em></p>\r\n\r\n<p>&nbsp;</p>\r\n\r\n<p><strong>Watch: 13-inch MacBook Pro video review</strong></p>\r\n\r\n<p>&nbsp;</p>\r\n\r\n<p><iframe src=\"http://imasdk.googleapis.com/js/core/bridge3.173.4_en.html#goog_1328042335\"></iframe></p>\r\n\r\n<p>0:00</p>\r\n\r\n<p>/</p>\r\n\r\n<p>2:28</p>\r\n\r\n<p>&nbsp;</p>\r\n\r\n<p><a href=\"javascript:void(0);\">image: https://d1v4mfkbpjku1v.cloudfront.net/brightcove/nextgen/img/icons/like.png</a></p>\r\n\r\n<p><a href=\"javascript:void(0);\"><img id=\"undefined\" src=\"https://d1v4mfkbpjku1v.cloudfront.net/brightcove/nextgen/img/icons/like.png\" /></a></p>\r\n\r\n<p><a href=\"javascript:void(0);\">image: https://d1v4mfkbpjku1v.cloudfront.net/brightcove/nextgen/img/icons/dislike.png</a></p>\r\n\r\n<p><a href=\"javascript:void(0);\"><img id=\"undefined\" src=\"https://d1v4mfkbpjku1v.cloudfront.net/brightcove/nextgen/img/icons/dislike.png\" /></a></p>\r\n\r\n<p><a href=\"javascript:void(0);\">image: https://d1v4mfkbpjku1v.cloudfront.net/brightcove/nextgen/img/icons/prev.png</a></p>\r\n\r\n<p><a href=\"javascript:void(0);\"><img id=\"oMjOC0bV37Nq4Uj-skip_backward_button\" src=\"https://d1v4mfkbpjku1v.cloudfront.net/brightcove/nextgen/img/icons/prev.png\" /></a></p>\r\n\r\n<p><a href=\"javascript:void(0);\">image: https://d1v4mfkbpjku1v.cloudfront.net/brightcove/nextgen/img/icons/next.png</a></p>\r\n\r\n<p><a href=\"javascript:void(0);\"><img id=\"oMjOC0bV37Nq4Uj-skip_forward_button\" src=\"https://d1v4mfkbpjku1v.cloudfront.net/brightcove/nextgen/img/icons/next.png\" /></a></p>\r\n\r\n<p>&nbsp;</p>\r\n\r\n<p><strong>Related:&nbsp;<a href=\"http://www.trustedreviews.com/best-laptops_round-up\" title=\"Best laptops\">Best Laptops 2016</a></strong></p>\r\n\r\n<p>&nbsp;</p>\r\n\r\n<p>&nbsp;</p>\r\n\r\n<p>&nbsp;</p>\r\n\r\n<p>&nbsp;</p>\r\n\r\n<h3>13-INCH MACBOOK PRO (2016) &ndash; DESIGN AND BUILD</h3>\r\n\r\n<p>After years of crying out for a serious makeover for the MacBook Pro, Apple has finally delivered. This is the most beautiful laptop on the market today and sets a new standard for other manufacturers.</p>\r\n\r\n<p><a href=\"http://www.trustedreviews.com/macbook-pro-13-inch-2016-photos\">image: http://static.trustedreviews.com/94/00003bc63/65c6_orh616w616/macbook-pro-13-2022.jpg</a></p>\r\n\r\n<p><a href=\"http://www.trustedreviews.com/macbook-pro-13-inch-2016-photos\"><img alt=\"MacBook Pro 13 2016\" id=\"review-11635-193915\" src=\"http://static.trustedreviews.com/94/00003bc63/65c6_orh616w616/macbook-pro-13-2022.jpg\" style=\"width:616px\" /></a></p>\r\n\r\n<p>The unibody design, machined from a single piece of aluminium, is as attractive as ever. To the delight of my colleagues Apple sent in the new, Space Grey option for review, but my personal preference is still for the classic, lighter-coloured design. However, greater choice is always a good thing.</p>\r\n\r\n<p>The MacBook Pro is incredibly light at just 1.37kg, although it&rsquo;s far from the lightest in its class. The&nbsp;<a href=\"http://www.trustedreviews.com/dell-xps-13-2015-review\" target=\"_blank\" title=\"Dell XPS 13 review\">Dell XPS 13</a>&nbsp;takes that honour, with its equivalent, non-touchscreen model weighing in at only 1.2kg. That machine also has a smaller footprint thanks to its tiny bezel.</p>\r\n\r\n<p><strong>Related:&nbsp;<a href=\"http://www.trustedreviews.com/opinions/best-intel-processor-core-i3-i5-i7\" title=\"Best Intel Processor\">Intel Core i processors explained</a></strong></p>\r\n\r\n<p>Closed, the MacBook Pro still looks significantly smaller than your average 13.3-inch laptop &ndash; Apple has achieved this by trimming the fat around the bezel. The lid itself is thin, too, and this is likely the reason Apple has ditched the famous, light-up Apple logo for a tinted mirror in the same shape.</p>\r\n\r\n<p>In terms of connections, the laptop includes two Thunderbolt 3 ports that double up as USB Type-C 3.1 ports, and a 3.5mm headphone jack.</p>\r\n\r\n<p><a href=\"http://www.trustedreviews.com/macbook-pro-13-inch-2016-photos\">image: http://static.trustedreviews.com/94/00003bc68/cf29_orh616w616/macbook-pro-13-2027.jpg</a></p>\r\n\r\n<p><a href=\"http://www.trustedreviews.com/macbook-pro-13-inch-2016-photos\"><img alt=\"MacBook Pro 13 2016 2\" id=\"review-11635-193920\" src=\"http://static.trustedreviews.com/94/00003bc68/cf29_orh616w616/macbook-pro-13-2027.jpg\" style=\"width:616px\" /></a></p>\r\n\r\n<p><strong>Related:&nbsp;<a href=\"http://www.trustedreviews.com/opinions/usb-type-c-everything-you-need-to-know\" target=\"_blank\" title=\"USB C explained\">USB-C explained</a></strong></p>\r\n\r\n<p>Sounds simple? Not exactly. Apple has done that Apple thing of completely embracing a new connection format without a graceful transition period. While all its rivals now include one Thunderbolt port alongside a couple of regular, old-fashioned USB ports and an SD card reader, Apple has ditched the lot and expects you to deal with it. Whatever the justification, unless you&rsquo;re starting afresh, you&#39;ll have to spend extra cash on adapters while you make the transition.</p>\r\n\r\n<p>Of the two included ports, one is likely to always be occupied for charging, unless you buy an external dock. Since launching the MacBook Pro, Apple has cut the price of its adapters, but this offer will expire at the end of 2016. I won&rsquo;t go through the full list of adapters and docks available, but if you&rsquo;re buying from Apple &ndash; and you purchase a couple of them &ndash; then you&#39;ll likely end up adding between &pound;40-100 to your bill.</p>\r\n\r\n<p>If you opt for third-party hardware, my advice is to pick a reputable brand; there are all manner of no-name accessories out there that might damage your new machine.</p>\r\n\r\n<p>Let&rsquo;s not forget, however, that Thunderbolt 3 is an amazing standard. It can send and receive huge amounts of power and up to 40GB/secs of data, meaning it can hook up to high-end storage arrays and monitors directly. Nobody can deny it&rsquo;s an impressive piece of tech and having two on a laptop is actually pretty rare. Most laptops these days have one or none.</p>\r\n\r\n<p><a href=\"http://www.trustedreviews.com/macbook-pro-13-inch-2016-photos\">image: http://static.trustedreviews.com/94/00003bc67/179a_orh616w616/macbook-pro-13-2026.jpg</a></p>\r\n\r\n<p><a href=\"http://www.trustedreviews.com/macbook-pro-13-inch-2016-photos\"><img alt=\"MacBook Pro 13 2016 1\" id=\"review-11635-193919\" src=\"http://static.trustedreviews.com/94/00003bc67/179a_orh616w616/macbook-pro-13-2026.jpg\" style=\"width:616px\" /></a></p>\r\n\r\n<p>I can live with the change, but I can&rsquo;t live with Apple&rsquo;s refusal to include any adapters in the box. A simple USB Type-C to USB or Ethernet adapter would have been a welcome addition to the package.</p>\r\n\r\n<h3>13-INCH MACBOOK PRO (2016) &ndash; KEYBOARD AND TOUCHPAD</h3>\r\n\r\n<p>Apple has overhauled both the keyboard and touchpad on the MacBook Pro.</p>\r\n\r\n<p>The most obvious change is the trackpad: it&rsquo;s huge. Measuring in at roughly 13.5cm wide and 8.5cm deep, it&#39;s the biggest touchpad I&#39;ve ever used. There&rsquo;s effectively limitless room for your fingers to swipe, tap and gesture. I never once bounced off the side or had to reposition my digits.</p>\r\n\r\n<p><a href=\"http://www.trustedreviews.com/macbook-pro-13-inch-2016-photos\">image: http://static.trustedreviews.com/94/00003bc5d/2976_orh616w616/macbook-pro-13-2016.jpg</a></p>\r\n\r\n<p><a href=\"http://www.trustedreviews.com/macbook-pro-13-inch-2016-photos\"><img alt=\"MacBook Pro 13 2016\" id=\"review-11635-193909\" src=\"http://static.trustedreviews.com/94/00003bc5d/2976_orh616w616/macbook-pro-13-2016.jpg\" style=\"width:616px\" /></a></p>\r\n\r\n<p>Frankly, it feels almost too big, but since the size of the trackpad isn&rsquo;t compromising any other part of this machine&rsquo;s physical build, it&rsquo;s a fine addition. Apple has done decent work on palm-rejection tech, too, so even if your palms rest on the touchpad, it shouldn&#39;t register an input.</p>\r\n\r\n<p>The touchpad works seamlessly with macOS, with no delay at all between gestures and the action being relayed on-screen. It also uses Force Touch, which means clicks are simulated by a haptic feedback motor under the keyboard. It&#39;s also pressure sensitive so if, for example, you press harder on the fast forward arrow on QuickTime the video will move forward more quickly than with a light touch. Force Touch actions give you extra contextual actions such as previewing a link in Safari or peeking at an app in the Launchpad.</p>\r\n\r\n<p>Unlike some laptops, where it&rsquo;s impossible to register a physical click a the top of the touchpad (because it&rsquo;s where the hinge goes), you can click anywhere on the touchpad and get a response.</p>\r\n\r\n<p>As good as Microsoft-certified Precision Touchpads have become, Apple still has the edge here.</p>\r\n\r\n<p><a href=\"http://www.trustedreviews.com/macbook-pro-13-inch-2016-photos\">image: http://static.trustedreviews.com/94/00003bc60/a2e2_orh616w616/macbook-pro-13-2019.jpg</a></p>\r\n\r\n<p><a href=\"http://www.trustedreviews.com/macbook-pro-13-inch-2016-photos\"><img alt=\"MacBook Pro 13 2016\" id=\"review-11635-193912\" src=\"http://static.trustedreviews.com/94/00003bc60/a2e2_orh616w616/macbook-pro-13-2019.jpg\" style=\"width:616px\" /></a></p>\r\n\r\n<p>Above the trackpad is Apple&rsquo;s new Butterfly 2 keyboard. It&rsquo;s an ultra-low-travel key switch design that&#39;s unique to Apple, similar to that used on the&nbsp;<a href=\"http://www.trustedreviews.com/macbook-12-inch-2016-review\" target=\"_blank\" title=\"12in MacBook review\">12-inch MacBook</a>.</p>\r\n\r\n<p>Butterfly 2 is greatly improved here, with a much more positive and definite action. It&rsquo;s also quite noisy if you hit the keys with any force, but near-silent with a more gentle approach. The keys are large and tightly packed, but their grippy texture and slightly concave moulding meant I never missed a stroke.</p>\r\n\r\n<p>It won&rsquo;t suit everyone, and I strongly suggest you try it out in an Apple Store &ndash; but for me, the keyboard on the MacBook Pro is the best I&rsquo;ve ever used.</p>\r\n\r\n<p><br />\r\nRead more at http://www.trustedreviews.com/macbook-pro-13-inch-2016-review#KYqZSu3k1c2r2rOj.99</p>"}}, {"model": "econ.productinfo", "pk": 9, "fields": {"info": "<p>&nbsp;</p>\r\n<blockquote class=\"messageText SelectQuoteContainer ugc baseHtml\" style=\"margin: 0px; padding: 0px; font-size: 11pt; font-family: Helvetica, Arial, sans-serif; line-height: 1.4;\"><strong>Thi\u1ebft k\u1ebf v&agrave; ho&agrave;n thi\u1ec7n ph\u1ea7n c\u1ee9ng</strong><br /><a class=\"Tinhte_XenTag_TagLink\" style=\"color: #176093; text-decoration: none; border-radius: 0px; word-break: inherit; padding: 0px 3px; margin: 0px -3px;\" title=\"\" href=\"https://tinhte.vn/tags/apple/\">Apple</a><span>&nbsp;</span>v\u1eabn gi\u1eef truy\u1ec1n th\u1ed1ng hai n\u0103m cho s\u1ef1 thay \u0111\u1ed5i v\u1ec1 b&ecirc;n ngo&agrave;i c\u1ee7a iPhone. 2 n\u0103m cho thi\u1ebft k\u1ebf c\u1ee7a 3G/3GS, 2 n\u0103m cho 4 v&agrave; 4S 2 n\u0103m cho 5 v&agrave; 5s v\u1edbi k&iacute;ch th\u01b0\u1edbc l\u1edbn h\u01a1n m\u1ed9t ch&uacute;t. N\u0103m nay iPhone thay \u0111\u1ed5i thi\u1ebft k\u1ebf b&ecirc;n ngo&agrave;i, t\u0103ng k&iacute;ch th\u01b0\u1edbc v&agrave; th&ecirc;m h\u1eb3n m\u1ed9t phi&ecirc;n b\u1ea3n l\u1edbn h\u01a1n, v\u1eabn cao c\u1ea5p l&agrave;<span>&nbsp;</span><a class=\"Tinhte_XenTag_TagLink\" style=\"color: #176093; text-decoration: none; border-radius: 0px; word-break: inherit; padding: 0px 3px; margin: 0px -3px;\" title=\"\" href=\"https://tinhte.vn/tags/iphone-6-plus/\">iPhone 6 Plus</a>. N\u0103m ngo&aacute;i Apple th&ecirc;m phi&ecirc;n b\u1ea3n c\u1ea5p th\u1ea5p h\u01a1n l&agrave; iPhone 5c v&agrave; \u0111&atilde; kh&ocirc;ng th&agrave;nh c&ocirc;ng.<br /><img class=\"bbCodeImage LbImage\" style=\"border: 0px; max-width: 100%;\" src=\"https://tinhte.cdnforo.com/store/2014/10/2613634_Tinhte-review-iphone6.jpg\" alt=\"Tinhte-review-iphone6.jpg\" /><br /><br />C\u1ea3m gi&aacute;c khi c\u1ea7m tr&ecirc;n iPhone 6 l&agrave; m\u1ed9t c\u1ea3m gi&aacute;c li\u1ec1n l\u1ea1c, nguy&ecirc;n kh\u1ed1i, kh&ocirc;ng \u0111\u01b0\u1eddng c\u1eaft. Anh em nh\u1edb c\u1ea7m iPhone 5s hay nh\u1eefng chi\u1ebfc \u0111i\u1ec7n tho\u1ea1i kh&aacute;c th\u01b0\u1eddng c&oacute; c\u1ea3m gi&aacute;c c\u1ea5n \u1edf c&aacute;c c\u1ea1nh. M&aacute;y c&agrave;ng to, n\u1eb7ng m&agrave; \u0111\u1ec3 c\u1ea1nh s\u1eafc th&igrave; c&agrave;ng c\u1ea5n. C&aacute;i n&agrave;y l&agrave; ph\u1ea7n r\u1ea5t kh&oacute; di\u1ec5n \u0111\u1ea1t hay qu\u1ea3ng b&aacute; c\u1ee7a Apple. Nh\u01b0ng anh em c&oacute; l\u1ea1i gi&aacute; tr\u1ecb r\u1ea5t cao khi c\u1ea7m n&oacute; tr&ecirc;n tay. M&igrave;nh \u0111&aacute;nh gi&aacute; cao iPhone 6 \u1edf c&aacute;i c\u1ea3m gi&aacute;c c\u1ea7m kh&ocirc;ng c\u1ea5n n&agrave;y.<br /><br />\r\n<div style=\"margin: 0px; padding: 0px; text-align: center;\">\r\n<div class=\"LinkExpander direct expanded type-ratio\" style=\"margin: 0px; padding: 0px; background: none; border: 0px; border-radius: 0px; box-shadow: none; opacity: 1; position: relative; text-decoration: none; color: #141414 !important; display: block;\" data-type=\"ratio\">\r\n<div class=\"LinkExpander_Ratio\" style=\"margin: 0px; padding: 0px 0px 451.688px; position: relative; height: 0px;\"><iframe style=\"left: 0px; height: 451.688px; margin: 0px; padding: 0px; position: absolute; top: 0px; width: 803px; max-width: 100%;\" src=\"https://www.youtube.com/embed/t7hgL7oLjnM?wmode=opaque\" frameborder=\"0\" width=\"800\" height=\"450\"></iframe></div>\r\n</div>\r\n</div>\r\n<br />iPhone 6 v\u1eabn x\u1ebfp v&agrave;o nh\u1eefng chi\u1ebfc m&aacute;y c&oacute; k&iacute;ch th\u01b0\u1edbc nh\u1ecf, m\u1ecfng v&agrave; nh\u1eb9. Ch&uacute;ng ta c&oacute; tr\u1ecdng l\u01b0\u1ee3ng c\u1ee7a m&aacute;y l&agrave; 129g, n\u1eb7ng h\u01a1n m\u1ed9t ch&uacute;t so v\u1edbi 112g \u1edf iPhone 5s nh\u01b0ng kh&aacute; nh\u1eb9 so v\u1edbi m\u1eb7t b\u1eb1ng chung. \u0110\u1ed9 m\u1ecfng c\u1ee7a iPhone 6 c\u0169ng thu\u1ed9c h&agrave;ng m\u1ecfng nh\u1ea5t v\u1edbi ch\u1ec9 c&oacute; 6.9mm. Tuy nhi&ecirc;n s\u1ef1 m\u1ecfng v&agrave; nh\u1eb9 n&agrave;y s\u1ebd cho anh em c\u1ea3m gi&aacute;c nh\u01b0 kh&ocirc;ng v&agrave; t\u1ee5t. C\u1ea3m gi&aacute;c n&agrave;y gi\u1ed1ng nh\u01b0 l\u1ea7n \u0111\u1ea7u anh em c\u1ea7m iPhone 5s tr\u01a1n (kh&ocirc;ng d&aacute;n hay \u1ed1p).<br /><br />M\u1ee9c \u0111\u1ed9 ho&agrave;n thi\u1ec7n v&agrave; ch\u1ebf t&aacute;c c\u1ee7a Apple cho iPhone 6 l&agrave; r\u1ea5t cao. N\u1ebfu c&oacute; m\u1ed9t chi\u1ebfc n&agrave;o tr&ecirc;n th\u1ecb tr\u01b0\u1eddng n\u0103m nay \u0111\u1ee7 kh\u1ea3 n\u0103ng so v\u1ec1 kho\u1ea3n n&agrave;y v\u1edbi iPhone 6 th&igrave; ch\u1ec9 c&oacute; th\u1ec3 l&agrave; Sony Xperia Z3. C&aacute;c \u0111\u01b0\u1eddng n&eacute;t \u0111\u01b0\u1ee3c l&agrave;m r\u1ea5t t\u1ec9 m\u1ec9, ch&iacute;nh x&aacute;c v&agrave; t\u1ed1n nhi\u1ec1u c&ocirc;ng cho thi\u1ebft k\u1ebf c\u0169ng nh\u01b0 s\u1ea3n xu\u1ea5t. C&aacute;c th&agrave;nh ph\u1ea7n t\u1ea1o l&ecirc;n chi\u1ebfc iPhone 6 c\u0169ng r\u1ea5t t\u1ed1t v&agrave; ch\u1ea5t l\u01b0\u1ee3ng cao.<br /><br />V\u1ec1 b&ecirc;n ngo&agrave;i v&agrave; thi\u1ebft k\u1ebf th&igrave; c&oacute; hai \u0111i\u1ec3m m&igrave;nh kh&ocirc;ng h&agrave;i l&ograve;ng \u1edf iPhone 6. \u0110&oacute; l&agrave; m\u1eb7t sau nh&igrave;n kh&ocirc;ng \u0111\u1eb9p do ph\u1ea7n nh\u1ef1a t&aacute;ch th&acirc;n m&aacute;y th&agrave;nh c&aacute;c ph\u1ea7n kh&aacute;c nhau c\u1ee7a antena qu&aacute; l\u1edbn. Th\u1ee9 hai l&agrave; camera l\u1ed3i l&ecirc;n tr&ecirc;n kh\u1ecfi m\u1eb7t ph\u1eb3ng chung c\u1ee7a m&aacute;y cho d&ugrave;n ph\u1ea7n l\u1ed3i n&agrave;y l&agrave; r\u1ea5t nh\u1ecf v&agrave; trong m\u1ed9t di\u1ec7n t&iacute;ch ch\u1ec9 l&agrave; ph\u1ea7n camera.<br /><br />C&aacute;c y\u1ebfu t\u1ed1 kh&aacute;c anh em c&oacute; th\u1ec3 l\u01b0u &yacute; v\u1ec1 b&ecirc;n ngo&agrave;i c\u1ee7a iPhone 6 g\u1ed3m:<br />\r\n<ul style=\"margin: 1em 0px 1em 3em; padding: 0px;\">\r\n<li style=\"margin: 0px; padding: 0px; list-style: disc outside;\">M\u1eb7t k&iacute;nh bo cong \u1edf m&eacute;p</li>\r\n<li style=\"margin: 0px; padding: 0px; list-style: disc outside;\">N&uacute;t kho&aacute;/m\u1edf m&agrave;n h&igrave;nh \u0111\u1eb7t \u1edf c\u1ea1nh ph\u1ea3i c\u1ee7a m&aacute;y</li>\r\n<li style=\"margin: 0px; padding: 0px; list-style: disc outside;\">T&oacute;c t\u01a1 c&oacute; th\u1ec3 chui v&agrave;o ph\u1ea7n gi\u1eefa m&agrave;n h&igrave;nh v&agrave; khung m&aacute;y c\u0169ng nh\u01b0 v&agrave;o c&aacute;c khe c\u1ee7a n&uacute;t b\u1ea5m.</li>\r\n</ul>\r\n<img class=\"bbCodeImage LbImage\" style=\"border: 0px; max-width: 100%;\" src=\"https://tinhte.cdnforo.com/store/2014/10/2613630_Tinhte-review-iphone-6-tuyet-voi-16.jpg\" alt=\"Tinhte-review-iphone-6-tuyet-voi-16.jpg\" /><br /><em>Nhi\u1ec1u chi\u1ebfc \u0111i\u1ec7n tho\u1ea1i tr\u01b0\u1edbc \u0111&oacute; \u0111&atilde; c&oacute; bo k&iacute;nh cong nh\u01b0 iPhone 6 r\u1ed3i nh\u1ea5t l&agrave; nh\u1eefng chi\u1ebfc \u0111i\u1ec7n tho\u1ea1i do Nokia l&agrave;m. Tuy nhi&ecirc;n c\u1ea3m gi&aacute;c cong v&agrave; s\u1ef1 li\u1ec1n l\u1ea1c khi r\u1edd tr&ecirc;n iPhone 6 l&agrave; t\u1ed1t nh\u1ea5t. V\u1edbi chi\u1ebfc iPhone m&agrave;u x&aacute;m kh&ocirc;ng gian th&igrave; kh&ocirc;ng ch\u1ec9 r\u1edd th\u1ea5y m&agrave; b\u1ea1n c&ograve;n nh&igrave;n th\u1ea5y \u0111i\u1ec1u \u0111&oacute; r\u1ea5t r&otilde; r&agrave;ng. iPhone 6 tr\u1eafng v&agrave; v&agrave;ng th&igrave; kh&ocirc;ng th\u1ea5y \u0111\u01b0\u1ee3c r&otilde; v&igrave; m\u1eb7t k&iacute;nh ph&iacute;a tr\u01b0\u1edbc m&agrave;u tr\u1eafng.</em><br /><br /><img class=\"bbCodeImage LbImage\" style=\"border: 0px; max-width: 100%;\" src=\"https://tinhte.cdnforo.com/store/2014/10/2613632_Tinhte-review-iphone-6-tuyet-voi-15.jpg\" alt=\"Tinhte-review-iphone-6-tuyet-voi-15.jpg\" /><br /><em>Ph\u1ea7n g\u1eb7p nhau gi\u1eefa m&agrave;n h&igrave;nh, roong v&agrave; khung c\u1ee7a m&aacute;y l&agrave; r\u1ea5t m\u1ecbn. Khi r\u1edd qua c&aacute;c b\u1ea1n kh&ocirc;ng c\u1ea3m nh\u1eadn \u0111\u01b0\u1ee3c.</em><br /><br /><img class=\"bbCodeImage LbImage\" style=\"border: 0px; max-width: 100%;\" src=\"https://tinhte.cdnforo.com/store/2014/10/2613635_Tinhte-review-iphone-6-tuyet-voi-32.jpg\" alt=\"Tinhte-review-iphone-6-tuyet-voi-32.jpg\" /><br /><em>Tuy nhi&ecirc;n c&aacute;c th&agrave;nh ph\u1ea7n kh&aacute;c nhau g\u1eb7p nhau v\u1eabn \u0111\u1ee7 h\u1edf \u0111\u1ec3 c&aacute;c v\u1eadt nh\u1ecf nh\u01b0 s\u1ee3i t&oacute;c t\u01a1 n&agrave;y chui v&agrave;o. M&igrave;nh \u0111\u1ec3 \u0111\u1ea7u \u0111inh v&agrave; \u0111&ocirc;i khi b\u1ecb \u0111\u1ee9t t&oacute;c khi n&oacute; chui v&agrave;o trong khe \u1edf gi\u1eefa m&agrave;n h&igrave;nh v&agrave; khung m&aacute;y c\u0169ng nh\u01b0 \u1edf n&uacute;t kho&aacute;/m\u1edf m&agrave;n h&igrave;nh n&agrave;y.</em><br /><br /><img class=\"bbCodeImage LbImage\" style=\"border: 0px; max-width: 100%;\" src=\"https://tinhte.cdnforo.com/store/2014/10/2613639_Tinhte-review-iphone-6-tuyet-voi.jpg\" alt=\"Tinhte-review-iphone-6-tuyet-voi.jpg\" /><br /><em>C\u1ea1nh tr&aacute;i Apple v\u1eabn b\u1ed1 tr&iacute; c&aacute;c ph&iacute;m ch\u1ee9c n\u0103ng t\u01b0\u01a1ng t\u1ef1 nh\u01b0 \u1edf c&aacute;c th\u1ebf h\u1ec7 iPhone tr\u01b0\u1edbc. V\u1eabn n&uacute;t t\u0103ng/gi\u1ea3m &acirc;m l\u01b0\u1ee3ng \u1edf d\u01b0\u1edbi v&agrave; n&uacute;t c\u1ee9ng t\u1eaft/m\u1edf &acirc;m thanh \u1edf tr&ecirc;n.<span>&nbsp;</span></em><br /><br /><img class=\"bbCodeImage LbImage\" style=\"border: 0px; max-width: 100%;\" src=\"https://tinhte.cdnforo.com/store/2014/10/2613640_Tinhte-review-iphone-6-tuyet-voi-30.jpg\" alt=\"Tinhte-review-iphone-6-tuyet-voi-30.jpg\" /><br /><em>C&aacute;c n&uacute;t \u1edf c\u1ea1nh tr&aacute;i v\u1eabn t\u01b0\u01a1ng t\u1ef1 nh\u01b0 iPhone \u0111\u1eddi tr\u01b0\u1edbc. \u0110\u01b0\u1ee3c b\u1ed1 tr&iacute; \u1edf ph&iacute;a b&ecirc;n tr&ecirc;n. N&uacute;t tr&ecirc;n iPhone 6 to v&agrave; b\u1ea5m &ecirc;m h\u01a1n. N&uacute;t kho&aacute;/m\u1edf ch\u1ebf \u0111\u1ed9 im l\u1eb7ng th&igrave; m\u1ecfng h\u01a1n. Apple kho&eacute;t v&agrave;o c&aacute;i s\u01b0\u1eddn r\u1ed3i \u0111\u1ec3 c&aacute;c n&uacute;t c\u1ee9ng l&ecirc;n. Khi nh&igrave;n v&agrave;o c&aacute;c n&uacute;t n&agrave;y c&aacute;c b\u1ea1n s\u1ebd r\u1ea5t th&iacute;ch \u0111\u1ed9 tinh x\u1ea3o c\u1ee7a n&oacute;.</em><br /><br /><img class=\"bbCodeImage LbImage\" style=\"border: 0px; max-width: 100%;\" src=\"https://tinhte.cdnforo.com/store/2014/10/2613622_Tinhte-review-iphone-6-tuyet-voi-6.jpg\" alt=\"Tinhte-review-iphone-6-tuyet-voi-6.jpg\" /><br /><em>C\u1ea1nh ph\u1ea3i ch&uacute;ng ta c&oacute; khay sim \u1edf v\u1ecb tr&iacute; t\u01b0\u01a1ng t\u1ef1 nh\u01b0 iPhone 5s v&agrave; b&ecirc;n tr&ecirc;n l&agrave; n&uacute;t kho&aacute;/m\u1edf m&agrave;n h&igrave;nh. N&uacute;t m\u1edf/kho&aacute; m&agrave;n h&igrave;nh n&agrave;y l&agrave; m\u1ed9t \u0111\u1ed5i m\u1edbi c\u1ee7a Apple. C&aacute;c \u0111\u1eddi iPhone tr\u01b0\u1edbc th&igrave; n&uacute;t n&agrave;y n\u1eb1m \u1edf tr&ecirc;n \u0111\u1ec9nh m&aacute;y. L\u1ea7n n&agrave;y mang xu\u1ed1ng h\u1ee3p l&yacute; v&igrave; m&aacute;y \u0111&atilde; to l&ecirc;n, b\u1ea5m b&ecirc;n tr&ecirc;n kh&ocirc;ng c&ograve;n d\u1ec5 d&agrave;ng v\u1edbi k&iacute;ch th\u01b0\u1edbc l\u1edbn n\u1eefa. N&uacute;t n&agrave;y c&oacute; thi\u1ebft k\u1ebf gi\u1ed1ng v&agrave; b\u1eb1ng k&iacute;ch th\u01b0\u1edbc c\u1ee7a n&uacute;t t\u0103ng ho\u1eb7c n&uacute;t gi\u1ea3m &acirc;m l\u01b0\u1ee3ng n&ecirc;n nh&igrave;n h&agrave;i ho&agrave; v&agrave; \u0111\u1ed3ng nh\u1ea5t.</em><br /><br /><img class=\"bbCodeImage LbImage\" style=\"border: 0px; max-width: 100%;\" src=\"https://tinhte.cdnforo.com/store/2014/10/2613638_Tinhte-review-iphone-6-tuyet-voi-33.jpg\" alt=\"Tinhte-review-iphone-6-tuyet-voi-33.jpg\" /><br /><em>Nh&igrave;n v&agrave;o ch\u1ed7 khay sim n\u1eb1m tr&ecirc;n s\u01b0\u1eddn m&aacute;y hay n&uacute;t c\u1ee9ng c\u1ee7a m&aacute;y anh em c&oacute; th\u1ec3 nh\u1eadn th\u1ea5y \u0111\u01b0\u1ee3c m\u1ee9c \u0111\u1ed9 ho&agrave;n thi\u1ec7n c\u1ee7a Apple. R\u1ea5t ch&iacute;nh x&aacute;c v&agrave; tinh x\u1ea3o. Kh&ocirc;ng nhi\u1ec1u \u0111i\u1ec7n tho\u1ea1i hay nhi\u1ec1u h&atilde;ng l&agrave;m \u0111\u01b0\u1ee3c \u0111i\u1ec1u n&agrave;y. Trong n\u0103m nay th&igrave; m&igrave;nh ch\u1ec9 th\u1ea5y c&oacute; Xperia Z3 l&agrave; c&oacute; th\u1ec3 so s&aacute;nh v\u1edbi iPhone v\u1ec1 kho\u1ea3n n&agrave;y.</em><br /><br /><img class=\"bbCodeImage LbImage\" style=\"border: 0px; max-width: 100%;\" src=\"https://tinhte.cdnforo.com/store/2014/10/2613641_Tinhte-review-iphone-6-tuyet-voi-29.jpg\" alt=\"Tinhte-review-iphone-6-tuyet-voi-29.jpg\" /><br /><em>Nh&igrave;n th\u1eb3ng v&agrave;o m\u1eb7t sau c\u1ee7a iPhone 6, ch&uacute;ng ta d\u1ec5 d&agrave;ng th\u1ea5y ngay hai ph\u1ea7n nh\u1ef1a \u0111\u1ec3 t&aacute;ch \u0103ng ten khi nh&igrave;n v&agrave;o c&aacute;ch c\u1ea1nh c\u0169ng nh\u01b0 m\u1eb7t sau c\u1ee7a iPhone 6. R&otilde; r&agrave;nh l&agrave; n&oacute; r\u1ea5t th&ocirc; v&agrave; x\u1ea5u. M&igrave;nh t\u1eebng mong l&agrave; Apple s\u1ebd kh&ocirc;ng l&agrave;m c&aacute;i \u0111\u01b0\u1eddng th\u1ebf n&agrave;y.<br /><br /><img class=\"bbCodeImage LbImage\" style=\"border: 0px; max-width: 100%;\" src=\"https://tinhte.cdnforo.com/store/2014/10/2613642_Tinhte-review-iphone-6-tuyet-voi-3.jpg\" alt=\"Tinhte-review-iphone-6-tuyet-voi-3.jpg\" /><br /><em>Nh&igrave;n t\u1eeb ph&iacute;a s\u01b0\u1eddn m&aacute;y ch&uacute;ng ta c\u0169ng th\u1ea5y ph\u1ea7n nh\u1ef1a n&agrave;y l\u1edbn h\u01a1n nhi\u1ec1u so v\u1edbi tr&ecirc;n iPhone 5s.</em><br /><br /><img class=\"bbCodeImage LbImage\" style=\"border: 0px; max-width: 100%;\" src=\"https://tinhte.cdnforo.com/store/2014/10/2613655_Tinhte-review-iphone-6-tuyet-voi-14.jpg\" alt=\"Tinhte-review-iphone-6-tuyet-voi-14.jpg\" /><br />C&aacute;c \u0111\u01b0\u1eddng nh\u1ef1a t&aacute;ch n&agrave;y nh&igrave;n to, th&ocirc; nh\u01b0ng \u0111\u01b0\u1ee3c ho&agrave;n thi\u1ec7n t\u1ed1t n&ecirc;n n&oacute; ph\u1eb3ng v\u1edbi m\u1eb7t sau c\u1ee7a m&aacute;y. Anh em c\u1ea7m l&ecirc;n kh&ocirc;ng c&oacute; c\u1ea3m gi&aacute;c c\u1ea5n nh\u01b0 c&aacute;c m&aacute;y c&oacute; \u0111\u1ed9 ho&agrave;n thi\u1ec7n k&eacute;m.</em><br /><br /><img class=\"bbCodeImage LbImage\" style=\"border: 0px; max-width: 100%;\" src=\"https://tinhte.cdnforo.com/store/2014/10/2613645_Tinhte-review-iphone-6-tuyet-voi-31.jpg\" alt=\"Tinhte-review-iphone-6-tuyet-voi-31.jpg\" /><br /><em>C\u1ea1nh d\u01b0\u1edbi l&agrave; n\u1edbi trang b\u1ecb Mic, loa ngo&agrave;i, c\u1ed5ng k\u1ebft n\u1ed1i v&agrave; l\u1ed7 c\u1eafm tai nghe. Khu v\u1ef1c \u0111&ocirc;ng th&agrave;nh ph\u1ea7n nh\u1ea5t tr&ecirc;n iPhone. Tuy nh&igrave;n c&aacute;c th&agrave;nh ph\u1ea7n \u0111\u1ec1u r\u1ea5t \u0111\u1eadm nh\u01b0ng t\u1ed5ng th\u1ec3 v\u1eabn r\u1ea5t kh&ocirc;ng c&acirc;n \u0111\u1ed1i v&agrave; n&aacute;t. B&ugrave; l\u1ea1i ch&uacute;ng ta c&oacute; nh\u1eefng th&agrave;nh ph\u1ea7n nh&igrave;n ch\u1ea5t l\u01b0\u1ee3ng cao, ch\u1eafc ch\u1eafn.</em><br /><br />\u1ede iPhone 6 loa v&agrave; Mic \u0111&atilde; \u0111\u01b0\u1ee3c thi\u1ebft k\u1ebf \u0111\u1ec3 ng\u01b0\u1eddi ta c&oacute; th\u1ec3 th\u1ea5y ngay \u0111&acirc;u l&agrave; loa, \u0111&acirc;u l&agrave; Mic. Kh&ocirc;ng c&ograve;n hi\u1ec3u nh\u1ea7m l&agrave; iPhone c&oacute; \u0111\u1ebfn hai loa. Tuy nhi&ecirc;n \u0111i\u1ec1u n&agrave;y l\u1ea1i l&agrave;m cho ph\u1ea7n d\u01b0\u1edbi r\u1ed1i h\u01a1n.<br /><br />L\u1ed7 c\u1eafm tai nghe 3,5mm \u0111\u01b0\u1ee3c b\u1ecdc roong nh\u1ef1a xung quanh ch\u1ee9 kh&ocirc;ng ph\u1ea3i l&agrave; kim lo\u1ea1i c\u1ee9ng h\u01a1n nh&ocirc;m th&acirc;n m&aacute;y nh\u01b0 \u1edf iPhone 5s. \u0110i\u1ec1u n&agrave;y l&agrave; do c\u1ea1nh m&aacute;y m\u1ecfng v&agrave; bo tr&ograve;n n&ecirc;n Apple kh&ocirc;ng l&agrave;m \u0111\u01b0\u1ee3c. K\u1ebft qu\u1ea3 l&agrave; l\u1ed7i n&agrave;y nh&igrave;n kh&ocirc;ng \u0111\u1eb9p v&agrave; kh&ocirc;ng ch\u1eafc ch\u1eafn.<br /><br />C\u1ed5ng lingtning 3 th\u1ebf h\u1ec7 c\u1ee7a Apple v\u1eabn v\u01b0\u1ee3t tr\u1ed9i so v\u1edbi c\u1ed5ng microusb \u0111ang \u0111\u01b0\u1ee3c s\u1eed d\u1ee5ng r\u1ed9ng r&atilde;i \u1edf ph\u1ea7n c&ograve;n l\u1ea1i c\u1ee7a th\u1ebf gi\u1edbi. Tuy\u1ec7t v\u1eddi nh\u1ea5t l&agrave; c\u1eafm m&agrave; kh&ocirc;ng c\u1ea7n ph\u1ea3i nh&igrave;n. Tuy\u1ec7t v\u1eddi nh&igrave;n l&agrave; ngay \u0111\u1ea7u l\u1ed7 Apple \u0111&atilde; l&agrave;m c&aacute;c m&eacute;p c\u1ea1nh h\u01a1i v&aacute;t v&agrave;o c&ugrave;ng v\u1edbi \u0111\u1ea7u d&acirc;y c\u0169ng v&aacute;t n&ecirc;n vi\u1ec7c c\u1eafm s\u1ea1c hay sync \u0111\u1ec1u r\u1ea5t tho\u1ea3i m&aacute;i. V\u1ec1 v\u1eadt l&yacute; th&igrave; kh\u1ea3 n\u0103ng truy\u1ec1n t\u1ea3i c\u1ee7a c\u1ed5ng lingtning c\u0169ng t\u1ed1t h\u01a1n v&agrave; Apple \u0111&atilde; khai th&aacute;c n&oacute; \u1edf iPhone 6 v&agrave; 6+ khi cho ph&eacute;p s\u1ea1c r\u1ea5t nhanh t\u1eeb c\u1ed5ng usb tr&ecirc;n m&aacute;y Mac hay c\u1ee5c s\u1ea1c c&oacute; \u0111i\u1ec7n m\u1ea1nh h\u01a1n nh\u01b0 s\u1ea1c iPad.<br /><br /><img class=\"bbCodeImage LbImage\" style=\"border: 0px; max-width: 100%;\" src=\"https://tinhte.cdnforo.com/store/2014/10/2613656_Tinhte-review-iphone-6-tuyet-voi-7.jpg\" alt=\"Tinhte-review-iphone-6-tuyet-voi-7.jpg\" /><br /><em>Ph\u1ea7n \u0111\u1ec9nh c\u1ee7a m&aacute;y gi\u1edd \u0111&acirc;y kh&ocirc;ng ch\u1ee9a c&aacute;c ph\u1ea7n c\u1ee9ng t&iacute;nh n\u0103ng n\u1eefa. \u1ede tr&ecirc;n c&aacute;c iPhone \u0111\u1eddi tr\u01b0\u1edbc th&igrave; Apple c&ograve;n trang b\u1ecb n&uacute;t kho&aacute;/m\u1edf m&agrave;n h&igrave;nh tr&ecirc;n \u0111&oacute;. Nh&igrave;n t\u1eeb ph&iacute;a tr\u01b0\u1edbc t\u1edbi ta c\u0169ng th\u1ea5y \u0111\u01b0\u1ee3c ph\u1ea7n camera l\u1ed3i ra tuy r\u1ea5t nh\u1ecf.</em><br /><br /><img class=\"bbCodeImage LbImage\" style=\"border: 0px; max-width: 100%;\" src=\"https://tinhte.cdnforo.com/store/2014/10/2613658_Tinhte-review-iphone-6-tuyet-voi-27.jpg\" alt=\"Tinhte-review-iphone-6-tuyet-voi-27.jpg\" /><br />M\u1eb7t tr\u01b0\u1edbc c&aacute;c k\u1ebft c\u1ea5u v\u1eabn t\u01b0\u01a1ng t\u1ef1 nh\u01b0 \u1edf iPhone th\u1ebf h\u1ec7 tr\u01b0\u1edbc. Ta c&oacute; b&ecirc;n tr&ecirc;n m&agrave;n h&igrave;nh l&agrave; loa tho\u1ea1i \u1edf gi\u1eefa, b&ecirc;n tr&ecirc;n loa tho\u1ea1i l&agrave; c\u1ea3m bi\u1ebfn v&agrave; b&ecirc;n tr&aacute;i loa tho\u1ea1i l&agrave; camera tr\u01b0\u1edbc. Ph&iacute;a d\u01b0\u1edbi m&agrave;n h&igrave;nh l&agrave; n&uacute;t Home v\u1edbi c\u1ea3m bi\u1ebfn v&acirc;n tay v&agrave; v&ograve;ng kim lo\u1ea1i xung quanh.<br /><br />N&uacute;t Home to n&ecirc;n ph\u1ea7n kh&ocirc;ng gian d\u01b0\u1edbi m&agrave;n h&igrave;nh ch\u1ee9a n&oacute; c\u0169ng to v&agrave; ph\u1ea5n m&agrave;n h&igrave;nh \u0111\u1ed1i x\u1ee9ng b&ecirc;n tr&ecirc;n c\u0169ng to. S\u01b0\u1eddn xong v&agrave; hai m&eacute;p m&agrave;n h&igrave;nh hai b&ecirc;n c\u0169ng d&agrave;y n&ecirc;n t\u1ed5ng th\u1ec3 m&aacute;y iPhone 6 tuy m&agrave;n h&igrave;nh 4\"7 nh\u01b0ng to v&agrave; cao ngang v\u1edbi c&aacute;c m&aacute;y c&oacute; m&agrave;n h&igrave;nh l\u1edbn h\u01a1n nh\u01b0 5\" ho\u1eb7c 5\"2.<br /><br /><strong>M&agrave;n h&igrave;nh</strong><br />M&agrave;n h&igrave;nh iPhone 6 c&oacute; th\u1ec3 xem l&agrave; kh&aacute; l\u1ea1c h\u1eadu v\u1ec1 c&ocirc;ng ngh\u1ec7. M\u1eadt \u0111\u1ed9 \u0111i\u1ec3m \u1ea3nh b\u1eb1ng v\u1edbi iPhone 4 m&agrave; Apple \u0111&atilde; gi\u1edbi thi\u1ec7u c&aacute;ch \u0111&acirc;y r\u1ea5t l&acirc;u. M&agrave;u s\u1eafc th&igrave; ch\u1ec9 ngang v\u1edbi m&agrave;n h&igrave;nh c\u1ee7a iPhone 5s n\u0103m ngo&aacute;i. So v\u1edbi m&agrave;n h&igrave;nh c\u1ee7a iPhone 6 plus th&igrave; m&agrave;n h&igrave;nh iPhone 6 k&eacute;m h\u01a1n nhi\u1ec1u. V\u1ec1 m&agrave;u s\u1eafc th&igrave; kh&ocirc;ng r\u1ef1c r\u1ee1 v&agrave; nhi\u1ec1u m&agrave;u nh\u01b0 \u1edf c&aacute;c m&aacute;y Samsung d&ugrave;ng m&agrave;n h&igrave;nh Amoled, m\u1eadt \u0111\u1ed9 \u0111i\u1ec3m \u1ea3nh th&igrave; kh&ocirc;ng nhi\u1ec1u b\u1eb1ng G3 v\u1edbi m&agrave;n h&igrave;nh \u0111\u1ed9 ph&acirc;n gi\u1ea3i r\u1ea5t cao. Nh&igrave;n ngo&agrave;i tr\u1eddi v&agrave; \u0111\u1ed9 trong treo c\u1ee7a m&agrave;n h&igrave;nh th&igrave; k&eacute;m h\u01a1n so v\u1edbi c&aacute;c m&aacute;y Lumia c&oacute; trang b\u1ecb c&ocirc;ng ngh\u1ec7 Clearblack Display. \u0110&uacute;ng ra Apple n&ecirc;n trang b\u1ecb cho iPhone 6 m\u1ed9t m&agrave;n h&igrave;nh t\u1ed1t h\u01a1n, t\u01b0\u01a1ng \u0111\u01b0\u01a1ng v\u1edbi iPhone 6 plus th&igrave; s\u1ebd h\u1ee3p l&yacute; h\u01a1n.<br /><br />V\u1eady th&igrave; m&agrave;n h&igrave;nh iPhone 6 c&oacute; ph\u1ea3i l&agrave; m\u1ed9t th\u1ea3m ho\u1ea1 kh&ocirc;ng? d\u0129 nhi&ecirc;n l&agrave; kh&ocirc;ng. \u0110&oacute; v\u1eabn l&agrave; m\u1ed9t chi\u1ebfc m&aacute;y v\u1edbi m&agrave;n h&igrave;nh t\u1ed1t. Anh em \u0111ang d&ugrave;ng iPhone 5s h&agrave;i l&ograve;ng v\u1edbi m&agrave;n h&igrave;nh \u0111&oacute; th\u1ebf n&agrave;o th&igrave; m&agrave;n h&igrave;nh n&agrave;y c\u0169ng th\u1ebf. Nh\u1eefng kh&aacute;c bi\u1ec7t b&ecirc;n tr&ecirc;n l&agrave; kh&oacute; \u0111\u1ec3 m&agrave; nh&igrave;n th\u1ea5y. \u0110\u1eb7c bi\u1ec7t l&agrave; \u1edf ph\u1ea7n m\u1eadt \u0111\u1ed9 \u0111i\u1ec3m \u1ea3nh, tuy l&yacute; thuy\u1ebft kh&ocirc;ng cao nh\u01b0ng th\u1ef1 t\u1ebf m&agrave;n h&igrave;nh iPhone 6s v\u1eabn m\u1ecbn h\u01a1n nhi\u1ec1u m&agrave;n h&igrave;nh do Apple d&ugrave;ng LCD thay v&igrave; Amoled.<br /><br />\u0110i\u1ec3m m\u1ea1nh c\u1ee7a m&agrave;n h&igrave;nh tr&ecirc;n iPhone 6 \u0111&oacute; l&agrave; v&ugrave;ng hi\u1ec3n th\u1ecb h\u1eefu &iacute;ch. \u0110i\u1ec3m m\u1ea1nh n&agrave;y l&agrave; do iOS 8 mang l\u1ea1i. T\u1ee9c l&agrave; tuy m&agrave;n h&igrave;nh 4\"7 nh\u01b0ng ph\u1ea7n n\u1ed9i dung hi\u1ec3n th\u1ecb h\u1eefu &iacute;ch tr&ecirc;n iPhone 6 t\u01b0\u01a1ng \u0111\u01b0\u01a1ng v\u1edbi nhi\u1ec1u m&aacute;y 5\" hay 5\"2 ch\u1ea1y h\u1ec7 \u0111i\u1ec1u h&agrave;nh Android. V&iacute; d\u1ee5 nh\u01b0 ch&uacute;ng ta so v\u1edbi m&agrave;n h&igrave;nh Z3 hay G3 hay M8 v\u1edbi m\u1ed9t ph\u1ea7n m&agrave;n h&igrave;nh \u0111\u01b0\u1ee3c d&ugrave;ng cho ba n&uacute;t c\u01a1 b\u1ea3n c\u1ee7a Android. V&agrave; t\u1ea5t c\u1ea3 c&aacute;c m&aacute;y Android \u0111\u1ec1u d&ugrave;ng m\u1ed9t ph\u1ea7n m&agrave;n h&igrave;nh l\u1edbn h\u01a1n cho thanh menu b&ecirc;n tr&ecirc;n.<br /><br />M&agrave;u s\u1eafc c\u1ee7a thanh menu tr&ecirc;n iOS 8 c\u0169ng \u0111\u1ed5i theo t\u1eebng \u1ee9ng d\u1ee5ng n&ecirc;n c\u1ea3m gi&aacute;c m&agrave;n h&igrave;nh lu&ocirc;n r\u1ea5t l\u1edbn. V&agrave; nhi\u1ec1u \u1ee9ng d\u1ee5ng c&oacute; thanh menu \u1ee9ng d\u1ee5ng b&ecirc;n d\u01b0\u1edbi thanh menu c\u1ee7a m&aacute;y c\u0169ng r\u1ea5t b&eacute;. Do \u0111&oacute; t\u1ed5ng ph\u1ea7n n\u1ed9i dung h\u1eefu &iacute;ch m&agrave; iPhone 6 c&oacute; th\u1ec3 th\u1ec3 hi\u1ec7n l&agrave; r\u1ea5t l\u1edbn.<br /><br /><img class=\"bbCodeImage LbImage\" style=\"border: 0px; max-width: 100%;\" src=\"https://tinhte.cdnforo.com/store/2014/10/2617451_Tinhte-review-iphone-6-tuyet-voi.jpg\" alt=\"Tinhte-review-iphone-6-tuyet-voi.jpg\" /><br /><em>M&agrave;u s\u1eafc v&agrave; m\u1eadt \u0111\u1ed9 \u0111i\u1ec3m \u1ea3nh c\u1ee7a iPhone 6 kh&ocirc;ng ph\u1ea3i l&agrave; m\u1ea1nh n\u1ebfu v\u1edbi v\u1edbi c&aacute;c m&aacute;y cao c\u1ea5p kh&aacute;c tr&ecirc;n th\u1ecb tr\u01b0\u1eddng.</em><br /><br /><img class=\"bbCodeImage LbImage\" style=\"border: 0px; max-width: 100%;\" src=\"https://tinhte.cdnforo.com/store/2014/10/2613673_Tinhte-review-iphone-6-tuyet-voi-20.jpg\" alt=\"Tinhte-review-iphone-6-tuyet-voi-20.jpg\" /><br />Thanh menu c\u1ee7a os \u0111\u1ed3ng m&agrave;u v\u1edbi \u1ee9ng d\u1ee5ng v&agrave; chi\u1ebfm m\u1ed9t ph\u1ea7n r\u1ea5t nh\u1ecf l&agrave;m cho n\u1ed9i dung hi\u1ec3n th\u1ecb tr&ecirc;n m&agrave;n h&igrave;nh iPhone 6 v\u1eabn l\u1edbn.<br /><br /><img class=\"bbCodeImage LbImage\" style=\"border: 0px; max-width: 100%;\" src=\"https://tinhte.cdnforo.com/store/2014/10/2613671_Tinhte-review-iphone-6-tuyet-voi-25.jpg\" alt=\"Tinhte-review-iphone-6-tuyet-voi-25.jpg\" /><br />\r\n<ul style=\"margin: 1em 0px 1em 3em; padding: 0px;\">\r\n<li style=\"margin: 0px; padding: 0px; list-style: disc outside;\"><em>C&aacute;c \u1ee9ng d\u1ee5ng xoay ngang \u0111\u01b0\u1ee3c th&igrave; thanh menu \u0111\u01b0\u1ee3c \u1ea9n h\u1eb3n \u0111i ch\u1ee9 kh&ocirc;ng chi\u1ebfm m\u1ed9t ph\u1ea7n c\u1ee7a m&agrave;n h&igrave;nh.</em></li>\r\n<li style=\"margin: 0px; padding: 0px; list-style: disc outside;\"><em>B&agrave;n ph&iacute;m gom l\u1ea1i \u1edf gi\u1eefa, kh&ocirc;ng tr&agrave;n l&agrave; t\u1eadn m&eacute;p n&ecirc;n b\u1ea5m thu\u1eadn ti\u1ec7n h\u01a1n, nhanh h\u01a1n, hai ng&oacute;n c&aacute;i kh&ocirc;ng ph\u1ea3i di chuy\u1ec3n \u0111i nhi\u1ec1u.</em></li>\r\n</ul>\r\n<div class=\"iframe-container-compatible\" style=\"margin: 0px; padding: 0px;\">\r\n<ul id=\"Tinhte_Galleria__3e47f9b0cf9b870a1d4a2e9532f79b2e_1\" class=\"Tinhte_Galleria js-masonry\" style=\"margin: 1em 0px 1em 3em; padding: 0px !important; position: relative; width: 584px; height: 97px;\" data-min-window-width=\"480px\" data-options=\"{&quot;columnWidth&quot;:&quot;.item&quot;,&quot;gutter&quot;:0,&quot;isFitWidth&quot;:true,&quot;itemSelector&quot;:&quot;.item&quot;}\">\r\n<li class=\"item type-image\" style=\"margin: 0px 1px 1px 0px !important; padding: 0px !important; list-style: none !important; display: inline-block; text-align: center; width: 145px; position: absolute; left: 0px; top: 0px;\"><a class=\"LbTrigger\" style=\"color: #176093; text-decoration: none; border-radius: 0px; word-break: inherit; padding: 0px; margin: 0px; display: block;\" href=\"https://tinhte.cdnforo.com/store/2014/10/2613672_Tinhte-review-iphone-6-tuyet-voi-19.jpg\" data-href=\"misc/lightbox\"><img class=\"LbImage\" style=\"border: 0px; max-width: 100%; display: block;\" src=\"https://photo2.tinhte.vn/data/images/cache/145_sh/52/b0eda76096273ec5d70891293dd537af.jpg?4141\" alt=\"\" /></a></li>\r\n<li class=\"item type-image\" style=\"margin: 0px 1px 1px 0px !important; padding: 0px !important; list-style: none !important; display: inline-block; text-align: center; width: 145px; position: absolute; left: 146px; top: 0px;\"><a class=\"LbTrigger\" style=\"color: #176093; text-decoration: none; border-radius: 0px; word-break: inherit; padding: 0px; margin: 0px; display: block;\" href=\"https://tinhte.cdnforo.com/store/2014/10/2613673_Tinhte-review-iphone-6-tuyet-voi-20.jpg\" data-href=\"misc/lightbox\"><img class=\"LbImage\" style=\"border: 0px; max-width: 100%; display: block;\" src=\"https://photo2.tinhte.vn/data/images/cache/145_sh/6b/35df61cf445a078e48c75208c07ac446.jpg?3036\" alt=\"\" /></a></li>\r\n<li class=\"item type-image\" style=\"margin: 0px 1px 1px 0px !important; padding: 0px !important; list-style: none !important; display: inline-block; text-align: center; width: 145px; position: absolute; left: 292px; top: 0px;\"><a class=\"LbTrigger\" style=\"color: #176093; text-decoration: none; border-radius: 0px; word-break: inherit; padding: 0px; margin: 0px; display: block;\" href=\"https://tinhte.cdnforo.com/store/2014/10/2613675_Tinhte-review-iphone-6-tuyet-voi-21.jpg\" data-href=\"misc/lightbox\"><img class=\"LbImage\" style=\"border: 0px; max-width: 100%; display: block;\" src=\"https://photo2.tinhte.vn/data/images/cache/145_sh/7b/8ac803948c0990f0d5073b5137d031cf.jpg?3820\" alt=\"\" /></a></li>\r\n<li class=\"item type-image\" style=\"margin: 0px 1px 1px 0px !important; padding: 0px !important; list-style: none !important; display: inline-block; text-align: center; width: 145px; position: absolute; left: 438px; top: 0px;\"><a class=\"LbTrigger\" style=\"color: #176093; text-decoration: none; border-radius: 0px; word-break: inherit; padding: 0px; margin: 0px; display: block;\" href=\"https://tinhte.cdnforo.com/store/2014/10/2613674_Tinhte-review-iphone-6-tuyet-voi-22.jpg\" data-href=\"misc/lightbox\"><img class=\"LbImage\" style=\"border: 0px; max-width: 100%; display: block;\" src=\"https://photo2.tinhte.vn/data/images/cache/145_sh/e5/806c00b9887964423bf0cf18d8ba6b04.jpg?3098\" alt=\"\" /></a></li>\r\n</ul>\r\n</div>\r\n<br /><br /><strong>Pin</strong><br />Apple cho bi\u1ebft pin c\u1ee7a iPhone 6 c&oacute; th\u1eddi l\u01b0\u1ee3ng s\u1eed d\u1ee5ng b\u1eb1ng v\u1edbi iPhone 5s trong khi dung l\u01b0\u1ee3ng pin th&igrave; iPhone 6 l\u1edbn h\u01a1n, 1850mAh so v\u1edbi 1440mAh. S\u1eed d\u1ee5ng th\u1ef1c t\u1ebf cho th\u1ea5y pin c\u1ee7a iPhone 6 ch\u1ea1y iOS 8 t\u1ed1t h\u01a1n nhi\u1ec1u so v\u1edbi th\u1eddi iPhone 5s ch\u1ea1y iOS 7. M&igrave;nh d&ugrave;ng tho\u1ea3i m&aacute;i \u0111\u01b0\u1ee3c \u0111\u1ebfn kho\u1ea3ng 3 gi\u1edd chi\u1ec1u. N\u1ebfu ti\u1ebft ki\u1ec7m th&igrave; \u0111\u1ebfn \u0111\u01b0\u1ee3c 7 gi\u1edd. Tinh t\u1ebf s\u1ebd c&oacute; b&agrave;i test pin chi ti\u1ebft h\u01a1n. Anh em \u0111\u1ee3i b&agrave;i \u0111&oacute; c\u1ee7a mod<span>&nbsp;</span><a class=\"username\" style=\"color: #176093; text-decoration: none; border-radius: 0px; word-break: inherit; padding: 0px 3px; margin: 0px -3px;\" href=\"https://tinhte.vn/members/46/\" data-user=\"46, @vuhai6\">@vuhai6</a><span>&nbsp;</span>\u0111\u1ec3 bi\u1ebft r&otilde; h\u01a1n v\u1ec1 th\u1eddi gian d&ugrave;ng c\u1ee7a pin.<br /><br />R&otilde; r&agrave;ng pin c\u1ee7a iPhone 6 kh&ocirc;ng ph\u1ea3i l&agrave; th\u1ebf m\u1ea1nh. Nh\u01b0ng n\u1ebfu b\u1ea1n t\u1eebng d&ugrave;ng iPhone v&agrave; b\u1ea1n ch\u1ea5p nh\u1eadn \u0111\u01b0\u1ee3c th&igrave; iPhone 6 v\u1eabn ngon h\u01a1n m\u1ee9c \u0111&oacute;.<br /><br />M\u1ed9t \u0111i\u1ec3m m&agrave; b\u1ea1n s\u1ebd th&iacute;ch l&agrave; th\u1eddi gian s\u1ea1c pin tr&ecirc;n iPhone \u0111&atilde; nhanh h\u01a1n \u0111&aacute;ng k\u1ec3 n\u1ebfu b\u1ea1n s\u1ea1c qua c\u1ee5c s\u1ea1c iPad v\u1edbi ngu\u1ed3n \u0111i\u1ec7n cao h\u01a1n ho\u1eb7c s\u1ea1c qua MacBook. B\u1ea1n s\u1ebd m\u1ea5t kho\u1ea3ng 4 ti\u1ebfng \u0111\u1ec3 s\u1ea1c \u0111\u1ea7y iPhone 6 t\u1eeb l&uacute;c n&oacute; h\u1ebft s\u1ea1ch pin n\u1ebfu d&ugrave;ng s\u1ea1c 10w c\u1ee7a iPad... N&oacute;i chung l&agrave; nhanh h\u01a1n nhi\u1ec1u c&ograve;n c\u1ee5 th\u1ec3 th&igrave; s\u1ebd b&aacute;o c&aacute;o anh em sau.<br /><br />C\u1eadp nh\u1eadt: \u0111&atilde; c&oacute; k\u1ebft qu\u1ea3 test pin ch&iacute;nh th\u1ee9c:<span>&nbsp;</span><br /><img class=\"bbCodeImage LbImage\" style=\"border: 0px; max-width: 100%;\" src=\"https://photo.tinhte.vn/store/2014/10/2627006_tinhte_iphone6_1.png\" alt=\"[\u200bIMG]\" data-url=\"https://photo.tinhte.vn/store/2014/10/2627006_tinhte_iphone6_1.png\" /><br /><a class=\"externalLink\" style=\"color: #176093; text-decoration: none; border-radius: 0px; word-break: inherit; padding: 0px 3px; margin: 0px -3px;\" href=\"https://www.tinhte.vn/threads/danh-gia-thoi-luong-pin-iphone-6-13-tieng-hon-hop.2381670/\" target=\"_blank\">https://www.tinhte.vn/threads/danh-gia-thoi-luong-pin-iphone-6-13-tieng-hon-hop.2381670/</a><br /><br /><strong>M&aacute;y \u1ea3nh</strong><br />Apple thay \u0111\u1ed5i nhi\u1ec1u v\u1ec1 ph\u1ea7n c\u1ee9ng \u0111\u1ec3 c&oacute; m\u1ed9t chi\u1ebfc m&aacute;y \u1ea3nh ch\u1ee5p ch&iacute;nh x&aacute;c h\u01a1n, nhanh h\u01a1n. H\u1ecd c\u0169ng thay \u0111\u1ed5i c&aacute;c thu\u1eadt to&aacute;n x\u1eed l&yacute; \u0111\u1ec3 h&igrave;nh \u0111\u1eb9p h\u01a1n. Tr\u01b0\u1edbc ti&ecirc;n ch&uacute;ng ta c&oacute; m&aacute;y \u1ea3nh ch&iacute;nh v\u1eabn c&oacute; \u0111\u1ed9 ph&acirc;n gi\u1ea3i l&agrave; 8Mp. Ph\u1ea7n thay \u0111\u1ed5i l&agrave; c\u1ea3m bi\u1ebfn ho&agrave;n to&agrave;n m\u1edbi v\u1edbi k&iacute;ch th\u01b0\u1edbc \u0111i\u1ec3m \u1ea3nh l\u1edbn h\u01a1n lo\u1ea1i tr&ecirc;n iPhone 5s m\u1ed9t ch&uacute;t. Ti\u1ebfp theo l&agrave; iPhone 6 \u0111\u01b0\u1ee3c trang b\u1ecb h\u1ec7 th\u1ed1ng ch\u1ed1ng rung \u0111i\u1ec7n t\u1eed. \u0110\u1eb7c bi\u1ec7t l&agrave; kh\u1ea3 n\u0103ng l\u1ea5y n&eacute;t m&agrave; Apple g\u1ecdi l&agrave; Focus Pixel s\u1ebd gi&uacute;p cho iPhone 6 ch\u1ee5p kh&ocirc;ng nh\u1eefng nhanh nh\u01b0 iPhone 5 m&agrave; l\u1ea5y n&eacute;t ch&iacute;nh x&aacute;c h\u01a1n nhi\u1ec1u.<br /><br />\r\n<div style=\"margin: 0px; padding: 0px; text-align: center;\"><img class=\"bbCodeImage LbImage\" style=\"border: 0px; max-width: 100%;\" src=\"https://tinhte.cdnforo.com/store/2014/10/2614437_TInhte-iPhone-6-chup-15.jpg\" alt=\"TInhte-iPhone-6-chup-15.jpg\" /><br /><em>iOS 8 ch&uacute;ng ta c&oacute; th\u1ec3 ch\u1ec9nh \u0111\u01b0\u1ee3c s&aacute;ng t\u1ed1i tr\u01b0\u1edbc khi ch\u1ee5p n&ecirc;n gi\u1edd \u0111&acirc;y m\u1ecdi ng\u01b0\u1eddi c&oacute; th\u1ec3 ch\u1ee5p \u0111\u01b0\u1ee3c nh\u1eefng h&igrave;nh nh\u01b0 th\u1ebf n&agrave;y. Tr\u01b0\u1edbc \u0111&acirc;y v\u1edbi iPhone l&agrave; ho&agrave;n to&agrave;n kh&ocirc;ng th\u1ec3.<span>&nbsp;</span></em>\u200b</div>\r\n<br /><strong>V&agrave;i th&ocirc;ng s\u1ed1 k\u1ef9 thu\u1eadt ch&iacute;nh:</strong><br />\r\n<ul style=\"margin: 1em 0px 1em 3em; padding: 0px;\">\r\n<li style=\"margin: 0px; padding: 0px; list-style: disc outside;\">C\u1ea3m bi\u1ebfn \u0111\u1eddi m\u1edbi iSight: 8MP</li>\r\n<li style=\"margin: 0px; padding: 0px; list-style: disc outside;\">K&iacute;ch th\u01b0\u1edbc \u0111i\u1ec3m \u1ea3nh: 1.5&micro;</li>\r\n<li style=\"margin: 0px; padding: 0px; list-style: disc outside;\">Kh\u1ea9u \u0111\u1ed9 \u1ed1ng k&iacute;nh: f/2.2</li>\r\n<li style=\"margin: 0px; padding: 0px; list-style: disc outside;\">C\u1ea3m bi\u1ebfn \u1ea3nh \u0111\u1eddi m\u1edbi v\u1edbi Chip A8 h\u1ed7 tr\u1ee3 x\u1eed l&yacute; \u1ea3nh nhanh h\u01a1n</li>\r\n<li style=\"margin: 0px; padding: 0px; list-style: disc outside;\">C&ocirc;ng ngh\u1ec7 l\u1ea5y n&eacute;t \u0111i\u1ec3m \u1ea3nh (Focus Pixels) nh\u01b0 tr&ecirc;n m&aacute;y \u1ea3nh DSLR chuy&ecirc;n nghi\u1ec7p</li>\r\n<li style=\"margin: 0px; padding: 0px; list-style: disc outside;\">Focus Pixels tr&ecirc;n c\u1ea3m bi\u1ebfn \u1ea3nh \u0111\u1eddi m\u1edbi gi&uacute;p iPhone 6 l\u1ea5y n&eacute;t nhanh v&agrave; ch&iacute;nh x&aacute;c h\u01a1n.</li>\r\n<li style=\"margin: 0px; padding: 0px; list-style: disc outside;\">FaceTime HD camera</li>\r\n<li style=\"margin: 0px; padding: 0px; list-style: disc outside;\">Ch\u1ee5p li&ecirc;n t\u1ee5c 10 \u1ea3nh/gi&acirc;y</li>\r\n<li style=\"margin: 0px; padding: 0px; list-style: disc outside;\">HDR auto ch\u1ec9 ch\u1ee5p 1 t\u1ea5m \u1ea3nh.</li>\r\n<li style=\"margin: 0px; padding: 0px; list-style: disc outside;\">iOS 8 gi&uacute;p camera ch\u1ee5p \u1ea3nh t\u1ed1t h\u01a1n v\u1edbi nh\u1eefng c\u1eadp nh\u1eadt m\u1edbi nh\u01b0 +/- EV</li>\r\n<li style=\"margin: 0px; padding: 0px; list-style: disc outside;\">Video 1080p 30/60fps; Slow-motion 120/240fps</li>\r\n</ul>\r\n<div style=\"margin: 0px; padding: 0px; text-align: center;\"><img class=\"bbCodeImage LbImage\" style=\"border: 0px; max-width: 100%;\" src=\"https://tinhte.cdnforo.com/store/2014/10/2614415_TInhte-iPhone-6-chup-23.jpg\" alt=\"TInhte-iPhone-6-chup-23.jpg\" /><br /><em>T\u1ea5m n&agrave;y anh em c&oacute; th\u1ec3 th\u1ea5y \u0111\u01b0\u1ee3c h&igrave;nh/chi ti\u1ebft trong c\u1ea3 c&aacute;c khu v\u1ef1c b&oacute;ng r&acirc;m v&agrave; khu v\u1ef1c s&aacute;ng l&agrave; do ch\u1ebf \u0111\u1ed9 HDR. Ch\u1ee9c n\u0103ng n&agrave;y tr&ecirc;n iPhone 6 c&oacute; th\u1ec3 b\u1eadt t\u1ef1 \u0111\u1ed9ng. T\u1ea5m n&agrave;y m&igrave;nh \u0111\u1ec3 t\u1ef1 \u0111\u1ed9ng. N\u1ebfu m&aacute;y th\u1ea5y tr\u01b0\u1eddng h\u1ee3p c\u1ea7n ch\u1ee5p HDR n&oacute; s\u1ebd t\u1ef1 \u0111\u1ed9ng x\u1eed l&yacute; m&agrave; ng\u01b0\u1eddi ch\u1ee5p kh&ocirc;ng c\u1ea7n quan t&acirc;m.</em><br />\u200b</div>\r\n<strong>B&ecirc;n tr&ecirc;n l&agrave; l&yacute; thuy\u1ebft. C&ograve;n th\u1ef1c t\u1ebf th&igrave; sao?</strong><br />Ch\u1ea5t l\u01b0\u1ee3ng \u1ea3nh ch\u1ee5p c\u1ee7a iPhone n\u1ebfu so v\u1edbi c&aacute;c m&aacute;y c&oacute; m&aacute;y \u1ea3nh t\u1ed1t nh\u1ea5t tr&ecirc;n th\u1ecb tr\u01b0\u1eddng hi\u1ec7n nay th&igrave; k&eacute;m kh&aacute; xa. V&agrave; c\u0169ng kh&ocirc;ng kh&aacute;c nhi\u1ec1u l\u1eafm so v\u1edbi iPhone 5s. D\u0129 nhi&ecirc;n l&agrave; n&oacute; v\u1eabn thu\u1ed9c h&agrave;ng nh\u1eefng chi\u1ebfc m&aacute;y \u1ea3nh c&oacute; ch\u1ea5t l\u01b0\u1ee3ng t\u1ed1t. B\u1ea3n th&acirc;n 5s th&igrave; m&aacute;y \u1ea3nh \u0111&atilde; cho ch\u1ea5t l\u01b0\u1ee3ng ngon r\u1ed3i.<br /><br /><em>Lo\u1ea1t h&igrave;nh n&agrave;y l&agrave; h&igrave;nh g\u1ed1c, kh&ocirc;ng ch\u1ec9nh s\u1eeda, ch\u1ec9 \u0111\u01b0a v&agrave;o lightroom \u0111\u1ec3 xu\u1ea5t ra k&iacute;ch th\u01b0\u1edbc 960 \u0111i\u1ec3m \u1ea3nh theo chi\u1ec1u ngang v&agrave; \u0111&oacute;ng d\u1ea5u Tinhte.vn v&agrave;o.<span>&nbsp;</span></em><br />\r\n<div class=\"iframe-container-compatible\" style=\"margin: 0px; padding: 0px;\">\r\n<ul id=\"Tinhte_Galleria__221d137bf6cc166613cf63bba8f8bb62_2\" class=\"Tinhte_Galleria js-masonry\" style=\"margin: 1em 0px 1em 3em; padding: 0px !important; position: relative; width: 730px; height: 935px;\" data-min-window-width=\"480px\" data-options=\"{&quot;columnWidth&quot;:&quot;.item&quot;,&quot;gutter&quot;:0,&quot;isFitWidth&quot;:true,&quot;itemSelector&quot;:&quot;.item&quot;}\">\r\n<li class=\"item type-image\" style=\"margin: 0px 1px 1px 0px !important; padding: 0px !important; list-style: none !important; display: inline-block; text-align: center; width: 145px; position: absolute; left: 0px; top: 0px;\"><a class=\"LbTrigger\" style=\"color: #176093; text-decoration: none; border-radius: 0px; word-break: inherit; padding: 0px; margin: 0px; display: block;\" href=\"https://tinhte.cdnforo.com/store/2014/10/2614413_TInhte-iPhone-6-chup-18.jpg\" data-href=\"misc/lightbox\"><img class=\"LbImage\" style=\"border: 0px; max-width: 100%; display: block;\" src=\"https://photo2.tinhte.vn/data/images/cache/145_sh/20/4e13245edc7afc36f89c7f612125c879.jpg?6099\" alt=\"\" /></a></li>\r\n<li class=\"item type-image\" style=\"margin: 0px 1px 1px 0px !important; padding: 0px !important; list-style: none !important; display: inline-block; text-align: center; width: 145px; position: absolute; left: 146px; top: 0px;\"><a class=\"LbTrigger\" style=\"color: #176093; text-decoration: none; border-radius: 0px; word-break: inherit; padding: 0px; margin: 0px; display: block;\" href=\"https://tinhte.cdnforo.com/store/2014/10/2614412_TInhte-iPhone-6-chup-24.jpg\" data-href=\"misc/lightbox\"><img class=\"LbImage\" style=\"border: 0px; max-width: 100%; display: block;\" src=\"https://photo2.tinhte.vn/data/images/cache/145_sh/47/7364180dc6cc5505130302570e960529.jpg?6590\" alt=\"\" /></a></li>\r\n<li class=\"item type-image\" style=\"margin: 0px 1px 1px 0px !important; padding: 0px !important; list-style: none !important; display: inline-block; text-align: center; width: 145px; position: absolute; left: 292px; top: 0px;\"><a class=\"LbTrigger\" style=\"color: #176093; text-decoration: none; border-radius: 0px; word-break: inherit; padding: 0px; margin: 0px; display: block;\" href=\"https://tinhte.cdnforo.com/store/2014/10/2614414_TInhte-iPhone-6-chup-9.jpg\" data-href=\"misc/lightbox\"><img class=\"LbImage\" style=\"border: 0px; max-width: 100%; display: block;\" src=\"https://photo2.tinhte.vn/data/images/cache/145_sh/1d/8450ac8a676b81a58895c506b8a0d1de.jpg?6987\" alt=\"\" /></a></li>\r\n<li class=\"item type-image\" style=\"margin: 0px 1px 1px 0px !important; padding: 0px !important; list-style: none !important; display: inline-block; text-align: center; width: 145px; position: absolute; left: 438px; top: 0px;\"><a class=\"LbTrigger\" style=\"color: #176093; text-decoration: none; border-radius: 0px; word-break: inherit; padding: 0px; margin: 0px; display: block;\" href=\"https://tinhte.cdnforo.com/store/2014/10/2614416_TInhte-iPhone-6-chup-30.jpg\" data-href=\"misc/lightbox\"><img class=\"LbImage\" style=\"border: 0px; max-width: 100%; display: block;\" src=\"https://photo2.tinhte.vn/data/images/cache/145_sh/4e/d0fb1a97dcc22fd60b0a950cd8e438a3.jpg?5502\" alt=\"\" /></a></li>\r\n<li class=\"item type-image\" style=\"margin: 0px 1px 1px 0px !important; padding: 0px !important; list-style: none !important; display: inline-block; text-align: center; width: 145px; position: absolute; left: 584px; top: 0px;\"><a class=\"LbTrigger\" style=\"color: #176093; text-decoration: none; border-radius: 0px; word-break: inherit; padding: 0px; margin: 0px; display: block;\" href=\"https://tinhte.cdnforo.com/store/2014/10/2614426_TInhte-iPhone-6-chup-17.jpg\" data-href=\"misc/lightbox\"><img class=\"LbImage\" style=\"border: 0px; max-width: 100%; display: block;\" src=\"https://photo2.tinhte.vn/data/images/cache/145_sh/27/17e85a967e1a15c27494b9c29c5e85e5.jpg?6789\" alt=\"\" /></a></li>\r\n<li class=\"item type-image\" style=\"margin: 0px 1px 1px 0px !important; padding: 0px !important; list-style: none !important; display: inline-block; text-align: center; width: 145px; position: absolute; left: 0px; top: 109px;\"><a class=\"LbTrigger\" style=\"color: #176093; text-decoration: none; border-radius: 0px; word-break: inherit; padding: 0px; margin: 0px; display: block;\" href=\"https://tinhte.cdnforo.com/store/2014/10/2614429_TInhte-iPhone-6-chup-4.jpg\" data-href=\"misc/lightbox\"><img class=\"LbImage\" style=\"border: 0px; max-width: 100%; display: block;\" src=\"https://photo2.tinhte.vn/data/images/cache/145_sh/56/a83a577d234118376c74462fea3dfad5.jpg?6890\" alt=\"\" /></a></li>\r\n<li class=\"item type-image\" style=\"margin: 0px 1px 1px 0px !important; padding: 0px !important; list-style: none !important; display: inline-block; text-align: center; width: 145px; position: absolute; left: 146px; top: 109px;\"><a class=\"LbTrigger\" style=\"color: #176093; text-decoration: none; border-radius: 0px; word-break: inherit; padding: 0px; margin: 0px; display: block;\" href=\"https://tinhte.cdnforo.com/store/2014/10/2614431_TInhte-iPhone-6-chup-7.jpg\" data-href=\"misc/lightbox\"><img class=\"LbImage\" style=\"border: 0px; max-width: 100%; display: block;\" src=\"https://photo2.tinhte.vn/data/images/cache/145_sh/3f/b44ca1b0e6cace8570064a56c1208ec4.jpg?9509\" alt=\"\" /></a></li>\r\n<li class=\"item type-image\" style=\"margin: 0px 1px 1px 0px !important; padding: 0px !important; list-style: none !important; display: inline-block; text-align: center; width: 145px; position: absolute; left: 292px; top: 109px;\"><a class=\"LbTrigger\" style=\"color: #176093; text-decoration: none; border-radius: 0px; word-break: inherit; padding: 0px; margin: 0px; display: block;\" href=\"https://tinhte.cdnforo.com/store/2014/10/2614411_TInhte-iPhone-6-chup-2.jpg\" data-href=\"misc/lightbox\"><img class=\"LbImage\" style=\"border: 0px; max-width: 100%; display: block;\" src=\"https://photo2.tinhte.vn/data/images/cache/145_sh/b4/f42ba0414f07dc68d45a8d563364870b.jpg?2893\" alt=\"\" /></a></li>\r\n<li class=\"item type-image\" style=\"margin: 0px 1px 1px 0px !important; padding: 0px !important; list-style: none !important; display: inline-block; text-align: center; width: 145px; position: absolute; left: 438px; top: 109px;\"><a class=\"LbTrigger\" style=\"color: #176093; text-decoration: none; border-radius: 0px; word-break: inherit; padding: 0px; margin: 0px; display: block;\" href=\"https://tinhte.cdnforo.com/store/2014/10/2614418_TInhte-iPhone-6-chup-27.jpg\" data-href=\"misc/lightbox\"><img class=\"LbImage\" style=\"border: 0px; max-width: 100%; display: block;\" src=\"https://photo2.tinhte.vn/data/images/cache/145_sh/f3/4ec0ea59511fe9b126f4051fc101d865.jpg?3817\" alt=\"\" /></a></li>\r\n<li class=\"item type-image\" style=\"margin: 0px 1px 1px 0px !important; padding: 0px !important; list-style: none !important; display: inline-block; text-align: center; width: 145px; position: absolute; left: 584px; top: 109px;\"><a class=\"LbTrigger\" style=\"color: #176093; text-decoration: none; border-radius: 0px; word-break: inherit; padding: 0px; margin: 0px; display: block;\" href=\"https://tinhte.cdnforo.com/store/2014/10/2614416_TInhte-iPhone-6-chup-30.jpg\" data-href=\"misc/lightbox\"><img class=\"LbImage\" style=\"border: 0px; max-width: 100%; display: block;\" src=\"https://photo2.tinhte.vn/data/images/cache/145_sh/4e/d0fb1a97dcc22fd60b0a950cd8e438a3.jpg?5502\" alt=\"\" /></a></li>\r\n<li class=\"item type-image\" style=\"margin: 0px 1px 1px 0px !important; padding: 0px !important; list-style: none !important; display: inline-block; text-align: center; width: 145px; position: absolute; left: 584px; top: 218px;\"><a class=\"LbTrigger\" style=\"color: #176093; text-decoration: none; border-radius: 0px; word-break: inherit; padding: 0px; margin: 0px; display: block;\" href=\"https://tinhte.cdnforo.com/store/2014/10/2614433_TInhte-iPhone-6-chup-11.jpg\" data-href=\"misc/lightbox\"><img class=\"LbImage\" style=\"border: 0px; max-width: 100%; display: block;\" src=\"https://photo2.tinhte.vn/data/images/cache/145_sh/d2/8df0ad14568ab4379b005940d8fd2701.jpg?11183\" alt=\"\" /></a></li>\r\n<li class=\"item type-image\" style=\"margin: 0px 1px 1px 0px !important; padding: 0px !important; list-style: none !important; display: inline-block; text-align: center; width: 145px; position: absolute; left: 438px; top: 255px;\"><a class=\"LbTrigger\" style=\"color: #176093; text-decoration: none; border-radius: 0px; word-break: inherit; padding: 0px; margin: 0px; display: block;\" href=\"https://tinhte.cdnforo.com/store/2014/10/2614420_TInhte-iPhone-6-chup-13.jpg\" data-href=\"misc/lightbox\"><img class=\"LbImage\" style=\"border: 0px; max-width: 100%; display: block;\" src=\"https://photo2.tinhte.vn/data/images/cache/145_sh/4c/181b7b1db6862aefe646326c365a7e87.jpg?9568\" alt=\"\" /></a></li>\r\n<li class=\"item type-image\" style=\"margin: 0px 1px 1px 0px !important; padding: 0px !important; list-style: none !important; display: inline-block; text-align: center; width: 145px; position: absolute; left: 0px; top: 303px;\"><a class=\"LbTrigger\" style=\"color: #176093; text-decoration: none; border-radius: 0px; word-break: inherit; padding: 0px; margin: 0px; display: block;\" href=\"https://tinhte.cdnforo.com/store/2014/10/2614419_TInhte-iPhone-6-chup-21.jpg\" data-href=\"misc/lightbox\"><img class=\"LbImage\" style=\"border: 0px; max-width: 100%; display: block;\" src=\"https://photo2.tinhte.vn/data/images/cache/145_sh/0f/cfb1042b39a49c9956d290baffe5319b.jpg?7880\" alt=\"\" /></a></li>\r\n<li class=\"item type-image\" style=\"margin: 0px 1px 1px 0px !important; padding: 0px !important; list-style: none !important; display: inline-block; text-align: center; width: 145px; position: absolute; left: 146px; top: 303px;\"><a class=\"LbTrigger\" style=\"color: #176093; text-decoration: none; border-radius: 0px; word-break: inherit; padding: 0px; margin: 0px; display: block;\" href=\"https://tinhte.cdnforo.com/store/2014/10/2614421_TInhte-iPhone-6-chup-19.jpg\" data-href=\"misc/lightbox\"><img class=\"LbImage\" style=\"border: 0px; max-width: 100%; display: block;\" src=\"https://photo2.tinhte.vn/data/images/cache/145_sh/3f/6f4b734090680e283c1d64f30d069039.jpg?6445\" alt=\"\" /></a></li>\r\n<li class=\"item type-image\" style=\"margin: 0px 1px 1px 0px !important; padding: 0px !important; list-style: none !important; display: inline-block; text-align: center; width: 145px; position: absolute; left: 292px; top: 303px;\"><a class=\"LbTrigger\" style=\"color: #176093; text-decoration: none; border-radius: 0px; word-break: inherit; padding: 0px; margin: 0px; display: block;\" href=\"https://tinhte.cdnforo.com/store/2014/10/2614422_TInhte-iPhone-6-chup-12.jpg\" data-href=\"misc/lightbox\"><img class=\"LbImage\" style=\"border: 0px; max-width: 100%; display: block;\" src=\"https://photo2.tinhte.vn/data/images/cache/145_sh/3a/7f7bd19fb86bdb160810d9d7e1d51e7d.jpg?8411\" alt=\"\" /></a></li>\r\n<li class=\"item type-image\" style=\"margin: 0px 1px 1px 0px !important; padding: 0px !important; list-style: none !important; display: inline-block; text-align: center; width: 145px; position: absolute; left: 146px; top: 412px;\"><a class=\"LbTrigger\" style=\"color: #176093; text-decoration: none; border-radius: 0px; word-break: inherit; padding: 0px; margin: 0px; display: block;\" href=\"https://tinhte.cdnforo.com/store/2014/10/2614423_TInhte-iPhone-6-chup-33.jpg\" data-href=\"misc/lightbox\"><img class=\"LbImage\" style=\"border: 0px; max-width: 100%; display: block;\" src=\"https://photo2.tinhte.vn/data/images/cache/145_sh/db/4693b1198b62e8dd491efed7bf0f09bf.jpg?7210\" alt=\"\" /></a></li>\r\n<li class=\"item type-image\" style=\"margin: 0px 1px 1px 0px !important; padding: 0px !important; list-style: none !important; display: inline-block; text-align: center; width: 145px; position: absolute; left: 584px; top: 412px;\"><a class=\"LbTrigger\" style=\"color: #176093; text-decoration: none; border-radius: 0px; word-break: inherit; padding: 0px; margin: 0px; display: block;\" href=\"https://tinhte.cdnforo.com/store/2014/10/2614425_TInhte-iPhone-6-chup-16.jpg\" data-href=\"misc/lightbox\"><img class=\"LbImage\" style=\"border: 0px; max-width: 100%; display: block;\" src=\"https://photo2.tinhte.vn/data/images/cache/145_sh/56/823b0021935e2227a75f200df681ac80.jpg?6548\" alt=\"\" /></a></li>\r\n<li class=\"item type-image\" style=\"margin: 0px 1px 1px 0px !important; padding: 0px !important; list-style: none !important; display: inline-block; text-align: center; width: 145px; position: absolute; left: 438px; top: 449px;\"><a class=\"LbTrigger\" style=\"color: #176093; text-decoration: none; border-radius: 0px; word-break: inherit; padding: 0px; margin: 0px; display: block;\" href=\"https://tinhte.cdnforo.com/store/2014/10/2614424_TInhte-iPhone-6-chup-28.jpg\" data-href=\"misc/lightbox\"><img class=\"LbImage\" style=\"border: 0px; max-width: 100%; display: block;\" src=\"https://photo2.tinhte.vn/data/images/cache/145_sh/25/0ee8692db96da9618530b27c2493d8cf.jpg?6683\" alt=\"\" /></a></li>\r\n<li class=\"item type-image\" style=\"margin: 0px 1px 1px 0px !important; padding: 0px !important; list-style: none !important; display: inline-block; text-align: center; width: 145px; position: absolute; left: 0px; top: 497px;\"><a class=\"LbTrigger\" style=\"color: #176093; text-decoration: none; border-radius: 0px; word-break: inherit; padding: 0px; margin: 0px; display: block;\" href=\"https://tinhte.cdnforo.com/store/2014/10/2614426_TInhte-iPhone-6-chup-17.jpg\" data-href=\"misc/lightbox\"><img class=\"LbImage\" style=\"border: 0px; max-width: 100%; display: block;\" src=\"https://photo2.tinhte.vn/data/images/cache/145_sh/27/17e85a967e1a15c27494b9c29c5e85e5.jpg?6789\" alt=\"\" /></a></li>\r\n<li class=\"item type-image\" style=\"margin: 0px 1px 1px 0px !important; padding: 0px !important; list-style: none !important; display: inline-block; text-align: center; width: 145px; position: absolute; left: 292px; top: 497px;\"><a class=\"LbTrigger\" style=\"color: #176093; text-decoration: none; border-radius: 0px; word-break: inherit; padding: 0px; margin: 0px; display: block;\" href=\"https://tinhte.cdnforo.com/store/2014/10/2614427_TInhte-iPhone-6-chup-29.jpg\" data-href=\"misc/lightbox\"><img class=\"LbImage\" style=\"border: 0px; max-width: 100%; display: block;\" src=\"https://photo2.tinhte.vn/data/images/cache/145_sh/cc/f96a93b29c356c658dcf422c531cb7da.jpg?5570\" alt=\"\" /></a></li>\r\n<li class=\"item type-image\" style=\"margin: 0px 1px 1px 0px !important; padding: 0px !important; list-style: none !important; display: inline-block; text-align: center; width: 145px; position: absolute; left: 584px; top: 521px;\"><a class=\"LbTrigger\" style=\"color: #176093; text-decoration: none; border-radius: 0px; word-break: inherit; padding: 0px; margin: 0px; display: block;\" href=\"https://tinhte.cdnforo.com/store/2014/10/2614430_TInhte-iPhone-6-chup.jpg\" data-href=\"misc/lightbox\"><img class=\"LbImage\" style=\"border: 0px; max-width: 100%; display: block;\" src=\"https://photo2.tinhte.vn/data/images/cache/145_sh/47/8ff6a970ee2ca66e42ff588179e703f8.jpg?4631\" alt=\"\" /></a></li>\r\n<li class=\"item type-image\" style=\"margin: 0px 1px 1px 0px !important; padding: 0px !important; list-style: none !important; display: inline-block; text-align: center; width: 145px; position: absolute; left: 292px; top: 579px;\"><a class=\"LbTrigger\" style=\"color: #176093; text-decoration: none; border-radius: 0px; word-break: inherit; padding: 0px; margin: 0px; display: block;\" href=\"https://tinhte.cdnforo.com/store/2014/10/2614428_TInhte-iPhone-6-chup-20.jpg\" data-href=\"misc/lightbox\"><img class=\"LbImage\" style=\"border: 0px; max-width: 100%; display: block;\" src=\"https://photo2.tinhte.vn/data/images/cache/145_sh/cd/fecaf628ad82755899cf7e712ebe10de.jpg?4921\" alt=\"\" /></a></li>\r\n<li class=\"item type-image\" style=\"margin: 0px 1px 1px 0px !important; padding: 0px !important; list-style: none !important; display: inline-block; text-align: center; width: 145px; position: absolute; left: 438px; top: 595px;\"><a class=\"LbTrigger\" style=\"color: #176093; text-decoration: none; border-radius: 0px; word-break: inherit; padding: 0px; margin: 0px; display: block;\" href=\"https://tinhte.cdnforo.com/store/2014/10/2614432_TInhte-iPhone-6-chup-22.jpg\" data-href=\"misc/lightbox\"><img class=\"LbImage\" style=\"border: 0px; max-width: 100%; display: block;\" src=\"https://photo2.tinhte.vn/data/images/cache/145_sh/85/843d14f0d918b0c3ed1fe52f2c5903cb.jpg?5627\" alt=\"\" /></a></li>\r\n<li class=\"item type-image\" style=\"margin: 0px 1px 1px 0px !important; padding: 0px !important; list-style: none !important; display: inline-block; text-align: center; width: 145px; position: absolute; left: 0px; top: 606px;\"><a class=\"LbTrigger\" style=\"color: #176093; text-decoration: none; border-radius: 0px; word-break: inherit; padding: 0px; margin: 0px; display: block;\" href=\"https://tinhte.cdnforo.com/store/2014/10/2614435_TInhte-iPhone-6-chup-3.jpg\" data-href=\"misc/lightbox\"><img class=\"LbImage\" style=\"border: 0px; max-width: 100%; display: block;\" src=\"https://photo2.tinhte.vn/data/images/cache/145_sh/d8/a3cc275cf2565a07c4a3b42fb58b08c4.jpg?5476\" alt=\"\" /></a></li>\r\n<li class=\"item type-image\" style=\"margin: 0px 1px 1px 0px !important; padding: 0px !important; list-style: none !important; display: inline-block; text-align: center; width: 145px; position: absolute; left: 146px; top: 606px;\"><a class=\"LbTrigger\" style=\"color: #176093; text-decoration: none; border-radius: 0px; word-break: inherit; padding: 0px; margin: 0px; display: block;\" href=\"https://tinhte.cdnforo.com/store/2014/10/2614436_TInhte-iPhone-6-chup-10.jpg\" data-href=\"misc/lightbox\"><img class=\"LbImage\" style=\"border: 0px; max-width: 100%; display: block;\" src=\"https://photo2.tinhte.vn/data/images/cache/145_sh/34/8c10755aa7c4e349c9231f71816b2252.jpg?8608\" alt=\"\" /></a></li>\r\n<li class=\"item type-image\" style=\"margin: 0px 1px 1px 0px !important; padding: 0px !important; list-style: none !important; display: inline-block; text-align: center; width: 145px; position: absolute; left: 584px; top: 630px;\"><a class=\"LbTrigger\" style=\"color: #176093; text-decoration: none; border-radius: 0px; word-break: inherit; padding: 0px; margin: 0px; display: block;\" href=\"https://tinhte.cdnforo.com/store/2014/10/2614438_TInhte-iPhone-6-chup-31.jpg\" data-href=\"misc/lightbox\"><img class=\"LbImage\" style=\"border: 0px; max-width: 100%; display: block;\" src=\"https://photo2.tinhte.vn/data/images/cache/145_sh/3b/77ef57b85ffcec9907a7608440731db5.jpg?6490\" alt=\"\" /></a></li>\r\n<li class=\"item type-image\" style=\"margin: 0px 1px 1px 0px !important; padding: 0px !important; list-style: none !important; display: inline-block; text-align: center; width: 145px; position: absolute; left: 292px; top: 688px;\"><a class=\"LbTrigger\" style=\"color: #176093; text-decoration: none; border-radius: 0px; word-break: inherit; padding: 0px; margin: 0px; display: block;\" href=\"https://tinhte.cdnforo.com/store/2014/10/2614439_TInhte-iPhone-6-chup-14.jpg\" data-href=\"misc/lightbox\"><img class=\"LbImage\" style=\"border: 0px; max-width: 100%; display: block;\" src=\"https://photo2.tinhte.vn/data/images/cache/145_sh/52/7f76fc7d1466a7d871f9c1cf343a03e4.jpg?6738\" alt=\"\" /></a></li>\r\n<li class=\"item type-image\" style=\"margin: 0px 1px 1px 0px !important; padding: 0px !important; list-style: none !important; display: inline-block; text-align: center; width: 145px; position: absolute; left: 0px; top: 715px;\"><a class=\"LbTrigger\" style=\"color: #176093; text-decoration: none; border-radius: 0px; word-break: inherit; padding: 0px; margin: 0px; display: block;\" href=\"https://tinhte.cdnforo.com/store/2014/10/2614440_TInhte-iPhone-6-chup-6.jpg\" data-href=\"misc/lightbox\"><img class=\"LbImage\" style=\"border: 0px; max-width: 100%; display: block;\" src=\"https://photo2.tinhte.vn/data/images/cache/145_sh/23/120cf26c9f5ff5c3edc5509aa0cdde75.jpg?5770\" alt=\"\" /></a></li>\r\n<li class=\"item type-image\" style=\"margin: 0px 1px 1px 0px !important; padding: 0px !important; list-style: none !important; display: inline-block; text-align: center; width: 145px; position: absolute; left: 584px; top: 739px;\"><a class=\"LbTrigger\" style=\"color: #176093; text-decoration: none; border-radius: 0px; word-break: inherit; padding: 0px; margin: 0px; display: block;\" href=\"https://tinhte.cdnforo.com/store/2014/10/2614441_TInhte-iPhone-6-chup-5.jpg\" data-href=\"misc/lightbox\"><img class=\"LbImage\" style=\"border: 0px; max-width: 100%; display: block;\" src=\"https://photo2.tinhte.vn/data/images/cache/145_sh/5d/bed2cd4b5a90402273e4277271a1ddd8.jpg?9503\" alt=\"\" /></a></li>\r\n<li class=\"item type-image\" style=\"margin: 0px 1px 1px 0px !important; padding: 0px !important; list-style: none !important; display: inline-block; text-align: center; width: 145px; position: absolute; left: 438px; top: 741px;\"><a class=\"LbTrigger\" style=\"color: #176093; text-decoration: none; border-radius: 0px; word-break: inherit; padding: 0px; margin: 0px; display: block;\" href=\"https://tinhte.cdnforo.com/store/2014/10/2614443_TInhte-iPhone-6-chup-8.jpg\" data-href=\"misc/lightbox\"><img class=\"LbImage\" style=\"border: 0px; max-width: 100%; display: block;\" src=\"https://photo2.tinhte.vn/data/images/cache/145_sh/74/3ef040f71e9709d06908df707bb7c13d.jpg?10108\" alt=\"\" /></a></li>\r\n</ul>\r\n</div>\r\n<br /><br /><strong>V\u1ec1 t\u1ed1c \u0111\u1ed9 ch\u1ee5p</strong>: iPhone 6 ch\u1ee5p r\u1ea5t nhanh, gi\u1ed1ng nh\u01b0 iPhone 5s v\u1eady. B\u1ea5m l&agrave; ch\u1ee5p, b\u1ea5m l&agrave; ch\u1ee5p. B\u1ea5m im th&igrave; ch\u1ee5p li&ecirc;n ho&agrave;n lu&ocirc;n. C&aacute;i h\u01a1n \u1edf iPhone \u0111&oacute; l&agrave; n&oacute; l\u1ea5y n&eacute;t ch&iacute;nh x&aacute;c h\u01a1n. N&ecirc;n t\u1ec9 l\u1ec7 sai n&eacute;t gi\u1ea3m v&agrave; c&aacute;c ch\u1ee7 th\u1ec3 chuy\u1ec3n \u0111\u1ed9ng hay ch\u1ee5p nhanh c\u1ea7n c&oacute; th\u1ec3 \u0111\u01b0\u1ee3c l\u1ea5y n&eacute;t \u0111&uacute;ng.<br /><br /><strong>Ch\u1ed1ng rung:</strong><span>&nbsp;</span>iPhone 6 \u0111\u01b0\u1ee3c trang b\u1ecb ch\u1ed1ng rung \u0111i\u1ec7n t\u1eed. C&aacute;i m&agrave; ch&uacute;ng ta c&oacute; \u0111\u01b0\u1ee3c \u1edf s\u1ef1 ch\u1ed1ng rung n&agrave;y l&agrave; s\u1ef1 \u1ed5n \u0111\u1ecbnh h&igrave;nh \u1ea3nh t\u1ed1t h\u01a1n kho quay phim c\u0169ng nh\u01b0 ch\u1ee5p t\u1ed1t n&eacute;t h\u01a1n, &iacute;t nhi\u1ec5u. Apple kh&ocirc;ng l&agrave;m ch\u1ed1ng rung \u0111\u1ec3 ch&uacute;ng ta c&oacute; th\u1ec3 ph\u01a1i s&aacute;ng v&agrave; ch\u1ee5p c&aacute;c t\u1ea5m h&igrave;nh lung linh nh\u01b0 nh\u1eefng m&aacute;y Lumia ch\u1eb3ng h\u1ea1n.<br /><br /><strong>Ch\u1ec9nh s\u1eeda \u1ea3nh sau khi ch\u1ee5p</strong>: \u0110&acirc;y l&agrave; ph\u1ea7n l&agrave;m cho chi\u1ebfc m&aacute;y \u1ea3nh c\u1ee7a iPhone 6 hay nh\u1eefng chi\u1ebfc iPhone ch\u1ea1y iOS 8 tr\u1edf n&ecirc;n gi&aacute; tr\u1ecb h\u01a1n. Ph\u1ea7n ch\u1ec9nh s\u1eeda \u1ea3nh m\u1eb7c \u0111\u1ecbnh tr&ecirc;n iPhone gi\u1edd \u0111&atilde; th&ecirc;m nhi\u1ec1u t&iacute;nh n\u0103ng nh\u01b0ng v\u1eabn r\u1ea5t d\u1ec5 d&agrave;ng \u0111\u1ec3 m\u1ecdi ng\u01b0\u1eddi \u0111\u1ec1u c&oacute; th\u1ec3 s\u1eed d\u1ee5ng. N&uacute;t b\u1ea5m t\u1ef1 \u0111\u1ed9ng ch\u1ec9nh c\u0169ng mang l\u1ea1i hi\u1ec7u qu\u1ea3 r\u1ea5t cao. M&igrave;nh c&oacute; chia s\u1ebb v\u1ec1 ph\u1ea7n ch\u1ec9nh s\u1eeda \u1ea3nh n&agrave;y tr&ecirc;n iPhone 5s, Gi\u1edd c\u0169ng kh&ocirc;ng thay \u0111\u1ed5i n&ecirc;n anh em c&oacute; th\u1ec3 xem qua b&agrave;i n&agrave;y \u0111\u1ec3 bi\u1ebft v&agrave; s\u1eed d\u1ee5ng.<strong><strong><span>&nbsp;</span><a class=\"externalLink\" style=\"color: #176093; text-decoration: none; border-radius: 0px; word-break: inherit; padding: 0px 3px; margin: 0px -3px;\" href=\"https://www.google.com/url?sa=t&amp;rct=j&amp;q=&amp;esrc=s&amp;source=web&amp;cd=2&amp;ved=0CB8QFjAB&amp;url=https%3A%2F%2Fwww.tinhte.vn%2Fthreads%2Fios8-kha-nang-chinh-sua-anh-mac-dinh-tuyet-voi.2334786%2F&amp;ei=52g9VJzIE43n8AXKwYCQCQ&amp;usg=AFQjCNGy7jwnG6fFycKWuzWffrr3-rBbFA&amp;sig2=3L-p6gvHudjxb_TLvKnciw&amp;bvm=bv.77412846,d.dGc\" target=\"_blank\">iOS8: kh\u1ea3 n\u0103ng ch\u1ec9nh s\u1eeda \u1ea3nh m\u1eb7c \u0111\u1ecbnh</a>.<br /><br /></strong></strong>\r\n<div class=\"iframe-container-compatible\" style=\"margin: 0px; padding: 0px;\">\r\n<ul id=\"Tinhte_Galleria__038750ac6d344332182816bd27ac8a02_3\" class=\"Tinhte_Galleria js-masonry\" style=\"margin: 1em 0px 1em 3em; padding: 0px !important; position: relative; width: 438px; height: 194px;\" data-min-window-width=\"480px\" data-options=\"{&quot;columnWidth&quot;:&quot;.item&quot;,&quot;gutter&quot;:0,&quot;isFitWidth&quot;:true,&quot;itemSelector&quot;:&quot;.item&quot;}\">\r\n<li class=\"item type-image\" style=\"margin: 0px 1px 1px 0px !important; padding: 0px !important; list-style: none !important; display: inline-block; text-align: center; width: 145px; position: absolute; left: 0px; top: 0px;\"><a class=\"LbTrigger\" style=\"color: #176093; text-decoration: none; border-radius: 0px; word-break: inherit; padding: 0px; margin: 0px; display: block;\" href=\"https://tinhte.cdnforo.com/store/2014/10/2614417_TInhte-iPhone-6-chup-32.jpg\" data-href=\"misc/lightbox\"><img class=\"LbImage\" style=\"border: 0px; max-width: 100%; display: block;\" src=\"https://photo2.tinhte.vn/data/images/cache/145_sh/43/c95a9b0cda04fdc41d89cecc0a63485c.jpg?9880\" alt=\"\" /></a></li>\r\n<li class=\"item type-image\" style=\"margin: 0px 1px 1px 0px !important; padding: 0px !important; list-style: none !important; display: inline-block; text-align: center; width: 145px; position: absolute; left: 146px; top: 0px;\"><a class=\"LbTrigger\" style=\"color: #176093; text-decoration: none; border-radius: 0px; word-break: inherit; padding: 0px; margin: 0px; display: block;\" href=\"https://tinhte.cdnforo.com/store/2014/10/2614434_TInhte-iPhone-6-chup-25.jpg\" data-href=\"misc/lightbox\"><img class=\"LbImage\" style=\"border: 0px; max-width: 100%; display: block;\" src=\"https://photo2.tinhte.vn/data/images/cache/145_sh/4c/554405d04f7a5bbedbb3a918653ded1c.jpg?5525\" alt=\"\" /></a></li>\r\n<li class=\"item type-image\" style=\"margin: 0px 1px 1px 0px !important; padding: 0px !important; list-style: none !important; display: inline-block; text-align: center; width: 145px; position: absolute; left: 292px; top: 0px;\"><a class=\"LbTrigger\" style=\"color: #176093; text-decoration: none; border-radius: 0px; word-break: inherit; padding: 0px; margin: 0px; display: block;\" href=\"https://tinhte.cdnforo.com/store/2014/10/2614442_TInhte-iPhone-6-chup-26.jpg\" data-href=\"misc/lightbox\"><img class=\"LbImage\" style=\"border: 0px; max-width: 100%; display: block;\" src=\"https://photo2.tinhte.vn/data/images/cache/145_sh/d4/641878d26e3ec0268db040eae2f0500f.jpg?6057\" alt=\"\" /></a></li>\r\n</ul>\r\n</div>\r\n<div class=\"iframe-container-compatible\" style=\"margin: 0px; padding: 0px;\">&nbsp;</div>\r\n<em>Camera tr\u01b0\u1edbc Apple c&oacute; thay \u0111\u1ed5i v\u1edbi t&iacute;nh n\u0103ng nh\u1eadn d\u1ea1ng khu&acirc;n m\u1eb7t, t\u1ef1 \u0111\u1ed9ng HRD... tuy nhi&ecirc;n so v\u1edbi c&aacute;c m&aacute;y c&oacute; camera tr\u01b0\u1edbc ngon nh\u01b0 Lumia 730 th&igrave; iPhone 6 k&eacute;m h\u01a1n.</em><br /><br />M\u1ed9t \u0111i\u1ec3m m&igrave;nh \u0111&aacute;nh gi&aacute; c\u1ed9ng cho camera c\u1ee7a iPhone 6 c\u0169ng nh\u01b0 nh\u1eefng chi\u1ebfc iPhone kh&aacute;c khi n&acirc;ng c\u1ea5p l&ecirc;n iOS 8 l&agrave; c&oacute; th\u1ec3 t\u1ea3i h&igrave;nh tr\u1ef1c ti\u1ebfp l&ecirc;n Facebook \u1edf \u0111\u1ed9 ph&acirc;n gi\u1ea3i t\u1ed1i \u01b0u (2048). L&yacute; do l&agrave; h&igrave;nh ch\u1ee5p t\u1eeb smartphone ch\u1ee7 y\u1ebfu \u0111\u01b0\u1ee3c \u0111ung \u0111\u1ec3 chia s\u1ebb v&agrave; chi\u1ebfc n&agrave;o h\u1ed7 tr\u1ee3 chia s\u1ebb t\u1ed1t h\u01a1n tr&ecirc;n n\u01a1i m&agrave; m\u1ecdi ng\u01b0\u1eddi chia s\u1ebb nhi\u1ec1u nh\u1ea5t l&agrave; Facebook th&igrave; t\u1ed1t h\u01a1n.<br /><br />Hi\u1ec7n t\u1ea1i m\u1eb7c \u0111\u1ecbnh c&aacute;c m&aacute;y ch\u1ea1y Windows Phone 8.1 \u0111\u1ec1u h\u1ed7 tr\u1ee3 vi\u1ec7c n&agrave;y t\u1eeb g\u1ed1c, Smartphone Xperia c\u1ee7a Sony c\u0169ng c&oacute; th\u1ec3 \u0111\u01b0a h&igrave;nh l&ecirc;n Fb \u0111\u1ed9 ph&acirc;n gi\u1ea3i cao do Sony c&agrave;i th&ecirc;m m\u1ed9t \u1ee9ng d\u1ee5ng Xperia Fb s\u1eb5n trong c&aacute;c m&aacute;y h\u1ecdi b&aacute;n ra. Hay BlackBerry 10 tr&ecirc;n BlackBerry Passport c\u0169ng h\u1ed7 tr\u1ee3 up \u1ea3nh \u0111\u1ed9 ph&acirc;n gi\u1ea3i cao l&ecirc;n Facebook. C&aacute;c m&aacute;y c&ograve;n l\u1ea1i th&igrave; c\u1ea7n ph\u1ea3i d&ugrave;ng ph\u1ea7n m\u1ec1m ph\u1ee9c t\u1ea1p h\u01a1n m\u1edbi up \u0111\u01b0\u1ee3c h&igrave;nh l&ecirc;n Facebook.<br /><br />K\u1ebft lu\u1eadn ri&ecirc;ng v\u1ec1 ph\u1ea7n m&aacute;y \u1ea3nh anh em c&oacute; th\u1ec3 xem b&agrave;i \u0111&aacute;nh gi&aacute; chi ti\u1ebft c\u1ee7 anh Tu\u1ea5n Lion \u1edf \u0111&acirc;y<span>&nbsp;</span><a class=\"externalLink\" style=\"color: #176093; text-decoration: none; border-radius: 0px; word-break: inherit; padding: 0px 3px; margin: 0px -3px;\" href=\"https://www.google.com/url?sa=t&amp;rct=j&amp;q=&amp;esrc=s&amp;source=web&amp;cd=1&amp;ved=0CBwQFjAA&amp;url=https%3A%2F%2Fwww.tinhte.vn%2Fthreads%2Freview-camera-iphone-6-6-plus.2365389%2F&amp;ei=jzA-VIT2EYiwuAShgoK4Dg&amp;usg=AFQjCNE09Ak3b234uzlsFNdLGek0cc_ETg&amp;sig2=Kp08DzrYnod2I_ngug6ARw&amp;bvm=bv.77412846,d.c2E\" target=\"_blank\">Review camera iPhone 6 / 6 Plus</a>. C&ograve;n v\u1edbi m&igrave;nh th&igrave; nh\u01b0 sau:<br />\r\n<ul style=\"margin: 1em 0px 1em 3em; padding: 0px;\">\r\n<li style=\"margin: 0px; padding: 0px; list-style: disc outside;\">iPhone 6 c&oacute; ch\u1ea5t l\u01b0\u1ee3ng h&igrave;nh \u1ea3nh kh&ocirc;ng cao so v\u1edbi iPhone 5s hay c&aacute;c m&aacute;y ch\u1ee5p h&igrave;nh t\u1ed1t kh&aacute;c tuy Apple \u0111&atilde; thay \u0111\u1ed5i nhi\u1ec1u \u1edf ph\u1ea7n c\u1ee9ng.</li>\r\n<li style=\"margin: 0px; padding: 0px; list-style: disc outside;\">C&aacute;c ph\u1ea7n kh&aacute;c \u0111\u1ec3 khai th&aacute;c m&aacute;y \u1ea3nh th&igrave; l\u1ea1i r\u1ea5t ngon nh\u01b0 ch\u1ee5p t\u1ef1 \u0111\u1ed9ng ch&iacute;nh x&aacute;c v\u1ec1 \u0111o n&eacute;t, \u0111&oacute; s&aacute;ng v&agrave; t\u1ec9 l\u1ec7 h&igrave;nh d&ugrave;ng \u0111\u01b0\u1ee3c cao. C&aacute;c ch\u1ee9c n\u0103ng ch\u1ec9nh s\u1eeda theo m&aacute;y ngon. V&agrave; \u0111\u1eb7c bi\u1ec7t l&agrave; kh\u1ea3 n\u0103ng up h&igrave;nh l&ecirc;n Facebook \u1edf \u0111\u1ed9 ph&acirc;n gi\u1ea3i cao.</li>\r\n</ul>\r\n<strong>Kh\u1ea3 n\u0103ng th\u1ef1c thi<br /></strong><br />\r\n<div style=\"margin: 0px; padding: 0px; text-align: center;\">\r\n<div class=\"LinkExpander direct expanded type-ratio\" style=\"margin: 0px; padding: 0px; background: none; border: 0px; border-radius: 0px; box-shadow: none; opacity: 1; position: relative; text-decoration: none; color: #141414 !important; display: block;\" data-type=\"ratio\">\r\n<div class=\"LinkExpander_Ratio\" style=\"margin: 0px; padding: 0px 0px 451.688px; position: relative; height: 0px;\"><iframe style=\"left: 0px; height: 451.688px; margin: 0px; padding: 0px; position: absolute; top: 0px; width: 803px; max-width: 100%;\" src=\"https://www.youtube.com/embed/kmp9SJV1YD4?wmode=opaque\" frameborder=\"0\" width=\"800\" height=\"450\"></iframe></div>\r\n</div>\r\n\u200b</div>\r\n\u0110&acirc;y l&agrave; \u0111i\u1ec1u m&agrave; b\u1ea1n kh&ocirc;ng bao gi\u1edd ph\u1ea3i lo l\u1eafng \u1edf nh\u1eefng chi\u1ebfc iPhone m\u1edbi gi\u1edbi thi\u1ec7u. iPhone 5s n\u0103m ngo&aacute;i th&ocirc;i th&igrave; kh\u1ea3 n\u0103ng th\u1ef1c thi c\u1ee7a n&oacute; \u0111&atilde; v\u01b0\u1ee3t tr\u1ed9i v&agrave; theo c&aacute;c \u0111i\u1ec3m benchmark th&igrave; c&aacute;c \u0111i\u1ec7n tho\u1ea1i cao c\u1ea5p kh&aacute;c c&ograve;n ch\u01b0a v\u01b0\u1ee3t \u0111\u01b0\u1ee3c. N\u0103m nay iPhone 6 v\u1edbi SoC m\u1edbi, th\u1ebf h\u1ec7 SoC 64bit th\u1ebf h\u1ec7 th\u1ee9 2 c\u1ee7a Apple c&oacute; cpu nhanh h\u01a1n 25% so v\u1edbi n\u0103m ngo&aacute;i v&agrave; gpu nhanh h\u01a1n 50%. N&oacute;i chung th&igrave; m\u1ecdi th\u1ee9 \u0111\u1ec1 r\u1ea5t tuy\u1ec7t v\u1eddi cho d&ugrave; chip A8 n&agrave;y ch\u1ec9 c&oacute; hai nh&acirc;n v&agrave; xung nh\u1ecbp \u1edf 1.4Ghz...<br /><br />M&igrave;nh ch\u1eb3ng th\u1ec3 gi\u1ea3i th&iacute;ch sao v\u1ec1 th\u1ef1c t\u1ebf s\u1eed d\u1ee5ng c\u1ee7a iPhone \u1edf kho\u1ea3ng s\u1ee9c m\u1ea1nh ph\u1ea7n c\u1ee9ng hay kh\u1ea3 n\u0103ng th\u1ef1c thi c\u1ea3 v&igrave; n&oacute; c\u1ee9 ch\u1ea1y &agrave;o &agrave;o. V&agrave; r&otilde; r&agrave;ng \u0111&oacute; kh&ocirc;ng ph\u1ea3i l&agrave; v\u1ea5n \u0111\u1ec1 anh em mua iPhone lo n\u1eafng. D\u01b0\u1edbi \u0111&acirc;y m&igrave;nh \u0111\u1ec3 k\u1ebft q\u1ee7a m\u1ed9t s\u1ed1 th\u1eed nghi\u1ec7m v&agrave; so v\u1edbi c&aacute;c m&aacute;y iOS kh&aacute;c. iPhone 6 l&agrave; m\u1ea1nh nh\u1ea5t, m\u1ea1nh h\u01a1n c\u1ea3 iPhone 6 Plus. N\u1ebfu anh em quan t&acirc;m \u0111\u1ebfn c&aacute;c k\u1ebft qu\u1ea3 th\u1eed nghi\u1ec7m th&igrave; c&oacute; th\u1ec3 xem \u1edf \u0111&acirc;y:<span>&nbsp;</span><a class=\"externalLink\" style=\"color: #176093; text-decoration: none; border-radius: 0px; word-break: inherit; padding: 0px 3px; margin: 0px -3px;\" href=\"https://www.google.com/url?sa=t&amp;rct=j&amp;q=&amp;esrc=s&amp;source=web&amp;cd=1&amp;ved=0CB4QFjAA&amp;url=https%3A%2F%2Fwww.tinhte.vn%2Fthreads%2Fbenchmark-iphone-6-va-6-plus-so-sanh-voi-cac-doi-iphone-ipad-truoc.2366618%2F&amp;ei=Ejo-VJ26M9CVuQShwoK4Dw&amp;usg=AFQjCNG1c0vro_GQb9x3oKZNJ6JRcJEygg&amp;sig2=z6W4jyTRKicBcKdTa4MOgA&amp;bvm=bv.77412846,d.c2E\" target=\"_blank\">Benchmark iPhone 6 v&agrave; 6 Plus, so s&aacute;nh v\u1edbi c&aacute;c \u0111\u1eddi iPhone, iPad ...</a><br /><img class=\"bbCodeImage LbImage\" style=\"border: 0px; max-width: 100%;\" src=\"https://tinhte.cdnforo.com/store/2014/10/2614471_2601739_Geekbench.png\" alt=\"2601739_Geekbench.png\" /><br />\r\n<div class=\"iframe-container-compatible\" style=\"margin: 0px; padding: 0px;\">\r\n<ul id=\"Tinhte_Galleria__f780ecb504f43b6199d4a5c9bc4f1015_5\" class=\"Tinhte_Galleria js-masonry\" style=\"margin: 1em 0px 1em 3em; padding: 0px !important; position: relative; width: 438px; height: 113px;\" data-min-window-width=\"480px\" data-options=\"{&quot;columnWidth&quot;:&quot;.item&quot;,&quot;gutter&quot;:0,&quot;isFitWidth&quot;:true,&quot;itemSelector&quot;:&quot;.item&quot;}\">\r\n<li class=\"item type-image\" style=\"margin: 0px 1px 1px 0px !important; padding: 0px !important; list-style: none !important; display: inline-block; text-align: center; width: 145px; position: absolute; left: 0px; top: 0px;\"><a class=\"LbTrigger\" style=\"color: #176093; text-decoration: none; border-radius: 0px; word-break: inherit; padding: 0px; margin: 0px; display: block;\" href=\"https://tinhte.cdnforo.com/store/2014/10/2614469_2601740_GFX.png\" data-href=\"misc/lightbox\"><img class=\"LbImage\" style=\"border: 0px; max-width: 100%; display: block;\" src=\"https://photo2.tinhte.vn/data/images/cache/145_sh/d5/8dce9b8b8869b9f05bea6b4f02610373.png?7802\" alt=\"\" /></a></li>\r\n<li class=\"item type-image\" style=\"margin: 0px 1px 1px 0px !important; padding: 0px !important; list-style: none !important; display: inline-block; text-align: center; width: 145px; position: absolute; left: 146px; top: 0px;\"><a class=\"LbTrigger\" style=\"color: #176093; text-decoration: none; border-radius: 0px; word-break: inherit; padding: 0px; margin: 0px; display: block;\" href=\"https://tinhte.cdnforo.com/store/2014/10/2614468_2601738_SunSpider.png\" data-href=\"misc/lightbox\"><img class=\"LbImage\" style=\"border: 0px; max-width: 100%; display: block;\" src=\"https://photo2.tinhte.vn/data/images/cache/145_sh/96/b8881727beee50ff7bfc763393059a31.png?9726\" alt=\"\" /></a></li>\r\n<li class=\"item type-image\" style=\"margin: 0px 1px 1px 0px !important; padding: 0px !important; list-style: none !important; display: inline-block; text-align: center; width: 145px; position: absolute; left: 292px; top: 0px;\"><a class=\"LbTrigger\" style=\"color: #176093; text-decoration: none; border-radius: 0px; word-break: inherit; padding: 0px; margin: 0px; display: block;\" href=\"https://tinhte.cdnforo.com/store/2014/10/2614470_2601741_Googlev8.png\" data-href=\"misc/lightbox\"><img class=\"LbImage\" style=\"border: 0px; max-width: 100%; display: block;\" src=\"https://photo2.tinhte.vn/data/images/cache/145_sh/65/cb5f3325697b6a3df4f071172ed719ae.png?9111\" alt=\"\" /></a></li>\r\n</ul>\r\n</div>\r\n<br /><br /><strong>iOS 8</strong><br /><br />H\u1ec7 \u0111i\u1ec1u h&agrave;nh l&agrave; linh h\u1ed3n c\u1ee7a m\u1ed9t chi\u1ebfc \u0111i\u1ec7n tho\u1ea1i. iPhone lu&ocirc;n m\u01b0\u1ee3t m&agrave; v&agrave; \u1ed5n \u0111\u1ecbnh h\u01a1n nh\u1eefng chi\u1ebfc \u0111i\u1ec7n tho\u1ea1i c\u1ee7a c&aacute;c h&atilde;ng kh&aacute;c l&agrave; v&igrave; Apple thi\u1ebft k\u1ebf c\u1ea3 ph\u1ea7n c\u1ee9ng l\u1eabn ph\u1ea7n m\u1ec1m. V&agrave; ph\u1ea7n m\u1ec1m c\u0169ng khai th&aacute;c r\u1ea5t t\u1ed1t ph\u1ea7n c\u1ee9ng. iOS 8 tr&ecirc;n iPhone 6 th\u1ef1c s\u1ef1 tuy\u1ec7t v\u1eddi. Apple th&ecirc;m r\u1ea5t nhi\u1ec1u t&iacute;nh n\u0103ng, ho&agrave;n thi\u1ec7n thi\u1ebft k\u1ebf c\u1ee7a iOS 7. Ng\u01b0\u1eddi d&ugrave;ng b&acirc;y gi\u1edd tho\u1ea3i m&aacute;i h\u01a1n n\u1eefa, thu\u1eadn ti\u1ec7n h\u01a1n n\u1eefa trong c&aacute;c ho\u1ea1t \u0111\u1ed9ng r\u1ea5t b&igrave;nh th\u01b0\u1eddng h&agrave;ng ng&agrave;y.<br /><br />Trong nh\u1eefng thay \u0111\u1ed5i, n&acirc;ng c\u1ea5p c\u1ee7a iOS 8 th&igrave; m&igrave;nh \u0111&aacute;nh gi&aacute; cao nh\u1ea5t l&agrave; b\u1ed9 g&otilde; Ti\u1ebfng Vi\u1ec7t. N&oacute; \u0111&atilde; ngon h\u01a1n r\u1ea5t nhi\u1ec1u, \u1ed5n \u0111\u1ecbnh h\u01a1n r\u1ea5t nhi\u1ec1u so v\u1edbi iOS 7. Ph\u1ea7n s\u1eeda ch\u1eef m\u1ee9c \u0111\u1ed9 ch&iacute;nh x&aacute;c cao v&agrave; r\u1ea5t nhanh. Ch\u01b0a chi\u1ebfc \u0111i\u1ec7n tho\u1ea1i n&agrave;o m&igrave;nh d&ugrave;ng m&agrave; h\u1ec7 \u0111i\u1ec1u h&agrave;nh c&oacute; th\u1ec3 s\u1eeda \u0111\u01b0\u1ee3c ch\u1eef g&otilde; sai t\u1ed1t nh\u01b0 th\u1ebf. B\u1ea1n s\u1ebd kh&oacute; m&agrave; tin \u0111\u01b0\u1ee3c. V&igrave; b\u1ed9 g&otilde; n&agrave;y m&agrave; m&igrave;nh c&oacute; th\u1ec3 \u0111\u01b0a \u0111i\u1ec3m t\u1ed5ng th\u1ec3 c\u1ee7a iPhone l&ecirc;n kh&aacute; l&agrave; cao. M\u1eddi anh em xem video m&igrave;nh g&otilde; th\u1eed d\u01b0\u1edbi \u0111&acirc;y, h&atilde;y xem m&igrave;nh g&otilde; sai t&ugrave;m lum h\u1ebft m&agrave; iPhone 6 s\u1eeda l\u1ea1i \u0111&uacute;ng t\u1eeb m&igrave;nh mu\u1ed1n g&otilde;.</blockquote>\r\n<blockquote class=\"messageText SelectQuoteContainer ugc baseHtml\" style=\"margin: 0px; padding: 0px; font-size: 11pt; font-family: Helvetica, Arial, sans-serif; line-height: 1.4;\"><em>H\u01a1n n\u1eeda n\u0103m nay m&igrave;nh kh&ocirc;ng d&ugrave;ng iPhone v&agrave; \u0111i\u1ec7n tho\u1ea1i ch&iacute;nh c\u1ee7a m&igrave;nh l&agrave; Lumia 1520 ch\u1ee9 kh&ocirc;ng ph\u1ea3i iPhone. Tuy nhi&ecirc;n m&igrave;nh g&otilde; l\u1ea1i c\u1ea3m gi&aacute;c nh\u01b0 l&agrave; v\u1ec1 nh&agrave;. R&otilde; r&agrave;ng vi\u1ec7c cho ph&eacute;p b&agrave;n ph&iacute;m ngo&agrave;i c&agrave;i v&agrave;o iPhone kh&ocirc;ng c&oacute; nhi\u1ec1u &yacute; ngh\u0129a khi m&agrave; b&agrave;n ph&iacute;m m\u1eb7c \u0111\u1ecbnh kh&ocirc;ng ch\u1ec9 qu&aacute; t\u1ed1t m&agrave; giao di\u1ec7n ph&ugrave; h\u1ee3p v\u1edbi t\u1ed5ng th\u1ec3 c\u1ee7a m&aacute;y.</em><br /><br />M\u1ed9t \u0111i\u1ec3m m&agrave; iPhone 6 h\u01a1n \u0111i\u1ec3m so v\u1edbi iPhone 6 Plus \u0111&oacute; l&agrave; k&iacute;ch th\u01b0\u1edbc c\u1ee7a iPhone 6 v\u1eeba tay h\u01a1n, nh\u1eb9 h\u01a1n n&ecirc;n b\u1ea1n c&oacute; th\u1ec3 g&otilde; tho\u1ea3i m&aacute;i v&agrave; g&otilde; l&acirc;u. Kh&ocirc;ng m\u1ecfi&nbsp;<strong style=\"text-align: center; font-size: 11pt;\">.</strong><span style=\"text-align: center; font-size: 11pt;\">\u200b</span><br /><br /><strong>Hand off:<span>&nbsp;</span></strong><br /><a class=\"externalLink\" style=\"color: #176093; text-decoration: none; border-radius: 0px; word-break: inherit; padding: 0px 3px; margin: 0px -3px;\" href=\"https://www.tinhte.vn/threads/huong-dan-su-dung-tinh-nang-handoff-tren-ios-8-va-os-x-10-10.2375702/tags/handoff/\" target=\"_blank\">Handoff</a><span>&nbsp;</span>l&agrave; m\u1ed9t trong nh\u1eefng t&iacute;nh n\u0103ng hay c\u1ee7a<span>&nbsp;</span><a class=\"externalLink\" style=\"color: #176093; text-decoration: none; border-radius: 0px; word-break: inherit; padding: 0px 3px; margin: 0px -3px;\" href=\"https://www.tinhte.vn/threads/huong-dan-su-dung-tinh-nang-handoff-tren-ios-8-va-os-x-10-10.2375702/tags/os+x+yosemite/\" target=\"_blank\">OS X Yosemite</a><span>&nbsp;</span>v&agrave;<span>&nbsp;</span><a class=\"externalLink\" style=\"color: #176093; text-decoration: none; border-radius: 0px; word-break: inherit; padding: 0px 3px; margin: 0px -3px;\" href=\"https://www.tinhte.vn/threads/huong-dan-su-dung-tinh-nang-handoff-tren-ios-8-va-os-x-10-10.2375702/tags/ios+8/\" target=\"_blank\">iOS 8</a><span>&nbsp;</span>b\u1edfi n&oacute; cho ph&eacute;p c&aacute;c thi\u1ebft b\u1ecb trong h\u1ec7 sinh th&aacute;i Apple ph\u1ed1i h\u1ee3p ho\u1ea1t \u0111\u1ed9ng m\u1ed9t c&aacute;ch c\u1ef1c k&igrave; tr\u01a1n tru. Khi d\u1eebng l&agrave;m vi\u1ec7c tr&ecirc;n m&aacute;y t&iacute;nh v&agrave; c\u1ea7n \u0111i ra ngo&agrave;i, b\u1ea1n c&oacute; th\u1ec3 nhanh ch&oacute;ng ti\u1ebfp t\u1ee5c c&ocirc;ng vi\u1ec7c c\u1ee7a m&igrave;nh tr&ecirc;n m\u1ed9t chi\u1ebfc iPad, iPhone m&agrave; kh&ocirc;ng g\u1eb7p tr\u1edf ng\u1ea1i g&igrave;. V&agrave; ng\u01b0\u1ee3c l\u1ea1i, khi \u0111ang thao t&aacute;c tr&ecirc;n thi\u1ebft b\u1ecb di \u0111\u1ed9ng, b\u1ea1n c\u0169ng c&oacute; th\u1ec3 b\u1ecf \u0111i\u1ec7n tho\u1ea1i xu\u1ed1ng r\u1ed3i ti\u1ebfp t\u1ee5c l&agrave;m vi\u1ec7c tr&ecirc;n m&aacute;y Mac trong t&iacute;ch t\u1eafc.<br />\r\n<div style=\"margin: 0px; padding: 0px; text-align: center;\">\r\n<div class=\"LinkExpander direct expanded type-ratio\" style=\"margin: 0px; padding: 0px; background: none; border: 0px; border-radius: 0px; box-shadow: none; opacity: 1; position: relative; text-decoration: none; color: #141414 !important; display: block;\" data-type=\"ratio\">\r\n<div class=\"LinkExpander_Ratio\" style=\"margin: 0px; padding: 0px 0px 451.688px; position: relative; height: 0px;\"><iframe style=\"left: 0px; height: 451.688px; margin: 0px; padding: 0px; position: absolute; top: 0px; width: 803px; max-width: 100%;\" src=\"https://www.youtube.com/embed/t7FurlNiWys?wmode=opaque\" frameborder=\"0\" width=\"800\" height=\"450\"></iframe></div>\r\n</div>\r\n</div>\r\n<br /><strong>Airdrop</strong>:<br />Vi\u1ec7c chia s\u1ebb file qua l\u1ea1i gi\u1eefa iPhone, iPad v&agrave; Mac hay gi\u1eefa \u0111i\u1ec7n tho\u1ea1i v\u1edbi m&aacute;y t&iacute;nh ch\u01b0a bao gi\u1edd \u0111\u01a1n gi\u1ea3n h\u01a1n. Ch\u1ecdn t&agrave;i li\u1ec7u, nh\u1ea5t chia s\u1ebb v&agrave; ch\u1ecdn thi\u1ebft b\u1ecb trong v&ugrave;ng ph\u1ee7 s&oacute;ng. iPhone 6 h\u1ed7 tr\u1ee3 Wifi AC n&ecirc;n truy\u1ec1n File t\u1eeb MAC qua r\u1ea5t nhanh.<br /><br /><strong>C&aacute;c \u0111i\u1ec3m n\u1ed5i b\u1eadt kh&aacute;c m&agrave; ch\u01b0a tr\u1ea3i nghi\u1ec7m \u0111\u01b0\u1ee3c:</strong><br />\r\n<ul style=\"margin: 1em 0px 1em 3em; padding: 0px;\">\r\n<li style=\"margin: 0px; padding: 0px; list-style: disc outside;\">NFC: iPhone 6 v&agrave; 6 Plus c&oacute; trang b\u1ecb NFC \u0111\u1ec3 th\u1ef1c hi\u1ec7n thanh to&aacute;n kh&ocirc;ng d&acirc;y. \u0110i\u1ec1u n&agrave;y tr&ecirc;n l&yacute; thuy\u1ebft l&agrave; r\u1ea5t tuy\u1ec7t v\u1eddi, s\u1ebd thay \u0111\u1ed5i c&aacute;ch m&agrave; ng\u01b0\u1eddi ta thanh to&aacute;n. Tuy nhi&ecirc;n ch\u01b0a c&oacute; \u0111i\u1ec1u ki\u1ec7n d&ugrave;ng c&aacute;i n&agrave;y n&ecirc;n ch\u01b0a chia s\u1ebb v\u1edbi anh em \u0111\u01b0\u1ee3c.</li>\r\n<li style=\"margin: 0px; padding: 0px; list-style: disc outside;\">Chip M8: b&ecirc;n c\u1ea1nh SoC A8 m\u1edbi th&igrave; Apple trang b\u1ecb chip M8. M8 th&ecirc;m kh\u1ea3 \u0111o &aacute;p su\u1ea5t b&ecirc;n c\u1ea1nh c&aacute;c kh\u1ea3 n\u0103ng lan b&agrave;n, con quay h\u1ed3i chuy\u1ec3n, gia t\u1ed1c k\u1ebf. Nh\u1eefng c\u1ea3m bi\u1ebfn n&agrave;y s\u1ebd gi&uacute;p cho c&aacute;c Dev ph&aacute;t tri\u1ec3n c&aacute;c \u1ee9ng d\u1ee5ng li&ecirc;n quan \u0111\u1ebfn s\u1ee9c kho\u1ebb.</li>\r\n</ul>\r\n<strong>K\u1ebft</strong><br />M&igrave;nh<span>&nbsp;</span><a class=\"Tinhte_XenTag_TagLink\" style=\"color: #176093; text-decoration: none; border-radius: 0px; word-break: inherit; padding: 0px 3px; margin: 0px -3px;\" title=\"\" href=\"https://tinhte.vn/tags/danh-gia-iphone-6-2/\">\u0111&aacute;nh gi&aacute; iPhone 6</a><span>&nbsp;</span>l&agrave; chi\u1ebfc \u0111i\u1ec7n tho\u1ea1i th&ocirc;ng minh t\u1ed1t nh\u1ea5t tr&ecirc;n th\u1ecb tr\u01b0\u1eddng hi\u1ec7n nay d\u1ef1a v&agrave;o t\u1ed5ng h\u1ee3p t\u1ea5t c\u1ea3 nh\u1eefng y\u1ebfu t\u1ed1 m&agrave; n&oacute; mang l\u1ea1i. V&iacute; d\u1ee5 nh\u01b0 iPhone 6 Plus c&oacute; r\u1ea5t nhi\u1ec1u \u0111i\u1ec3m h\u01a1n 6 nh\u01b0ng k&iacute;ch th\u01b0\u1edbc l\u1edbn v&agrave; n\u1eb7ng kh&ocirc;ng ph&ugrave; h\u1ee3p v\u1edbi ho\u1ea1t \u0111\u1ed9ng h&agrave;ng ng&agrave;y nh\u01b0 iPhone 6 n&ecirc;n iPhone 6 v\u1eabn t\u1ed1t h\u01a1n. M\u1ed9t \u0111i\u1ec3m n\u1eefa l&agrave; nh\u1eefng n&acirc;ng c\u1ea5p r\u1ea5t nh\u1ecf c\u1ee7a Apple t\u1eeb ph\u1ea7n c\u1ee9ng \u0111\u1ebfn ph\u1ea7n m\u1ec1m c\u1ee7a Apple kh&ocirc;ng mang l\u1ea1i gi&aacute; tr\u1ecb qu\u1ea3ng b&aacute; nh\u01b0ng l\u1ea1i r\u1ea5t h\u1eefu &iacute;ch cho ng\u01b0\u1eddi d&ugrave;ng v&iacute; d\u1ee5 nh\u01b0 kh&ocirc;ng n&acirc;ng \u0111\u1ed9 ph&acirc;n gi\u1ea3i m&agrave; n&acirc;ng t\u1ed1c \u0111\u1ed9 l\u1ea5y n&eacute;t, r&otilde; r&agrave;ng n\u1ebfn n&acirc;ng cao \u0111\u1ed9 ph&acirc;n gi\u1ea3i th&igrave; s\u1ebd h\u1ea5p d\u1eabn h\u01a1n nh\u01b0ng th\u1ef1c t\u1ebf s\u1eed d\u1ee5ng th&igrave; c\u1ea3i thi\u1ec7n l\u1ea5y n&eacute;t nhanh h\u01a1n m\u1edbi l&agrave; c&aacute;i ng\u01b0\u1eddi d&ugrave;ng th\u1ef1c s\u1ef1 c\u1ea7n...<br /><br /><strong>\u0110i\u1ec1u l&agrave;m cho iPhone 6 tuy\u1ec7t v\u1eddi (T\u1eeb cao \u0111\u1ebfn th\u1ea5p)</strong><br />\r\n<ul style=\"margin: 1em 0px 1em 3em; padding: 0px;\">\r\n<li style=\"margin: 0px; padding: 0px; list-style: disc outside;\">B&agrave;n ph&iacute;m Ti\u1ebfng Vi\u1ec7t</li>\r\n<li style=\"margin: 0px; padding: 0px; list-style: disc outside;\">iOS 8</li>\r\n<li style=\"margin: 0px; padding: 0px; list-style: disc outside;\">C\u1ea3m gi&aacute;c c\u1ea7m tr&ecirc;n tay</li>\r\n<li style=\"margin: 0px; padding: 0px; list-style: disc outside;\">Thi\u1ebft k\u1ebf v&agrave; ho&agrave;n thi\u1ec7n</li>\r\n<li style=\"margin: 0px; padding: 0px; list-style: disc outside;\">Kh\u1ea3 n\u0103ng th\u1ef1c thi</li>\r\n</ul>\r\n<strong>\u0110i\u1ec1u l&agrave;m cho iPhone 6 kh&ocirc;ng tuy\u1ec7t v\u1eddi</strong><br />\r\n<ul style=\"margin: 1em 0px 1em 3em; padding: 0px;\">\r\n<li style=\"margin: 0px; padding: 0px; list-style: disc outside;\">Th\u1eddi gian s\u1eed d\u1ee5ng pin</li>\r\n<li style=\"margin: 0px; padding: 0px; list-style: disc outside;\">Thi\u1ebft k\u1ebf m\u1eb7c l\u01b0ng kh&ocirc;ng \u0111\u1eb9p, camera l\u1ed3i</li>\r\n<li style=\"margin: 0px; padding: 0px; list-style: disc outside;\">Nhi\u1ec1u app ch\u01b0a c\u1eadp nh\u1eadt \u0111\u1ec3 khai th&aacute;c hi\u1ec7u qu\u1ea3 m&agrave;n h&igrave;nh to v&agrave; \u0111\u1ed9 ph&acirc;n gi\u1ea3i cao h\u01a1n c\u1ee7a iPhone 6.</li>\r\n</ul>\r\n<div class=\"messageTextEndMarker\" style=\"margin: 0px; padding: 0px; height: 0px; font-size: 0px; overflow: hidden;\">&nbsp;</div>\r\n</blockquote>"}}, {"model": "econ.productinfo", "pk": 12, "fields": {"info": "<p>There&#39;s not a whole lot new about the latest 15-inch MacBook Pro ($2,799 as reviewed, $2,399 to start), though you can argue that there doesn&#39;t really need to be. Apple&#39;s notebook for power users still packs a gorgeous 15-inch Retina display and innovative Touch Bar controls into an impossibly slim design. And thanks to Intel&#39;s latest Kaby Lake processors, the MacBook Pro has gotten even faster.</p>\r\n\r\n<p>article continued below</p>\r\n\r\n<p>However, while the latest MacBook Pro retains what makes Apple&#39;s professional notebook great, it also preserves the laptop&#39;s few flaws. The Pro&#39;s limited port selection makes it hard to get work done without a myriad of dongles, and it still doesn&#39;t feel like the Touch Bar has quite reached its full potential yet. But if you&#39;re looking for the fastest, most feature-rich MacBook out there, this is it.</p>\r\n\r\n<h3>Stunning Design, Stunted Ports</h3>\r\n\r\n<p>Apple&#39;s highest-end laptop looks more like a MacBook Air these days, with stunningly slim edges that measure in at just 0.61 inches. That puts it right on a par with the&nbsp;<a href=\"https://www.laptopmag.com/reviews/laptops/dell-xps-15\">Dell XPS 15</a>&nbsp;and&nbsp;<a href=\"https://www.laptopmag.com/articles/microsoft-surface-laptop-specs-price\">Microsoft&#39;s new Surface Laptop</a>&nbsp;(both 0.6 inches), and is notably slimmer than the&nbsp;<a href=\"https://www.laptopmag.com/reviews/laptops/razer-blade-pro\">Razer Blade Pro</a>&nbsp;(0.88 inches).</p>\r\n\r\n<p>The MacBook Pro&#39;s sleek aluminum chassis is travel-friendly at 4 pounds, but still feels sturdy and substantial enough to give you a sense that it&#39;s made for serious work. I really dig the Space Gray color our unit came in, though there&#39;s also a nice-looking Silver option for those who prefer lighter shades.</p>\r\n\r\n<p><img src=\"https://www.laptopmag.com/images/uploads/ppress/45276/macbook-pro-15-006.jpg\" style=\"height:435px; width:675px\" />However, the MacBook Pro&#39;s sheer slimness comes at the cost of some convenience. The notebook&#39;s port selection is made up entirely of four USB-C connections (as well as a headphone jack), which future-proofs it for the latest accessories but makes using just about anything else a pain.</p>\r\n\r\n<p><img src=\"https://www.laptopmag.com/images/uploads/ppress/45276/macbook-pro-15-009.jpg\" style=\"height:435px; width:675px\" />Want to plug in your iPhone charger or any other traditional USB cable? You&#39;ll need a $9 USB-C to USB adapter. Need to copy some files to an SD card? Get ready to cough up at least $11 for a USB-C SD reader. The Pro&#39;s hidden costs add up fast, especially for power users who will need access to all types of storage drives, displays and Ethernet cables.</p>\r\n\r\n<h3>Touch Bar</h3>\r\n\r\n<p>While I still wouldn&#39;t call the MacBook Pro&#39;s Touch Bar absolutely essential, it does a lot of neat tricks -- and is simply a ton of fun to use. Replacing the traditional row of function keys, the Touch Bar is an LED strip whose controls will morph on the fly based on whichever app you&#39;re using.</p>\r\n\r\n<p><img src=\"https://www.laptopmag.com/images/uploads/ppress/45276/macbook-pro-15-008.jpg\" style=\"height:435px; width:675px\" />I got the most use out of the Touch Bar while flipping through Safari tabs -- it was really nice to see a visual preview of each page I had open. I also appreciated how the bar would provide autofill options any time I was typing, and how easy it was to fast-forward and rewind a video by simply sliding my finger. Creative users could get a ton of use out of the Touch Bar once they mastered it; for example, you can adjust the volume settings of individual GarageBand instruments with a few taps, or quickly split up clips in iMovie without using the touchpad.</p>\r\n\r\n<p>However, I don&#39;t see the Touch Bar becoming a true game-changer until a lot more third-party apps add supports for it. It currently works with programs such as Photoshop and Microsoft Office, but I&#39;d love to be able to use it with non-Apple browsers such as Chrome -- or even to get some extra control options in my favorite Steam games.</p>\r\n\r\n<p><strong>MORE:&nbsp;<a href=\"http://www.tomsguide.com/us/siri-vs-alexa,review-3681.html\">Siri vs. Alexa: Why Amazon Won Our 300-Question Showdown</a></strong></p>\r\n\r\n<h3>Display</h3>\r\n\r\n<p>The latest MacBook Pro&#39;s 15-inch, 2500 x 1600 Retina display is predictably beautiful. On-screen text looked thick and handwritten, and the snowy Sierra mountains in the notebook&#39;s default background was startlingly true-to-life.</p>\r\n\r\n<p>The notebook made a great showpiece for the latest Wonder Woman trailer. Every shot burst with color, from the flowery fields that a young Diana Prince rode her horse through to the fiery battlefields that she beat up bad guys in as an adult.</p>\r\n\r\n<p><img src=\"https://www.laptopmag.com/images/uploads/ppress/45276/macbook-pro-15-005.jpg\" style=\"height:435px; width:675px\" />The MacBook Pro&#39;s impressive color performance was backed up by our lab tests, in which the notebook reproduced an impressive 126.4 percent of the sRGB color gamut with a Delta E accuracy rating of 0.2 (closer to 0 is better). That makes it both more colorful and accurate than the HP Spectre x360 (113, 3.47), but not quite as vibrant as the Dell XPS 15 (188, 1.4).</p>\r\n\r\n<p>The Pro registered an ultraluminous 460 nits of brightness on our light meter, outshining the XPS 15 (282 nits), the&nbsp;<a href=\"https://www.laptopmag.com/reviews/laptops/hp-spectre-x360-13-inch\">Spectre x360</a>&nbsp;(255 nits) and our &nbsp;average for mainstream notebooks (275).</p>\r\n\r\n<h3>Audio</h3>\r\n\r\n<p>The MacBook Pro&#39;s speakers are impressively booming, offering satisfying bass and crunchy treble. The menacing guitars and rollicking double bass drums of the Doom soundtrack sounded extra punchy on Apple&#39;s laptop. When I made a full 180 to the sunny pop vibes of Paramore&#39;s &quot;Rose Colored Boy,&quot; I was treated to bouncy bass, bright guitars and especially smooth vocals.</p>\r\n\r\n<h3>Keyboard and Touchpad</h3>\r\n\r\n<p>The MacBook keyboard continues to blow my mind by offering seemingly shallow keys that feel better than any I&#39;ve used on a notebook. Whether I was cramming away at a Google Doc or firing off a quick email, everything felt wonderfully snappy and comfortable. Despite a short travel of 0.81 millimeters, the keys made it easy for me to blaze through the Key Hero Typing Test at 98 wpm with near-perfect accuracy and zero finger strain.</p>\r\n\r\n<p><img src=\"https://www.laptopmag.com/images/uploads/ppress/45276/macbook-pro-15-004.jpg\" style=\"height:435px; width:675px\" />I still have a hard time believing that the laptop&#39;s Force Touch trackpad has no actual click button, because the haptic feedback it provides is incredibly satisfying. The trackpad&#39;s pressure-sensitive functions, such as hard-pressing on a website to preview it, all felt intuitive. While the touchpad is comically huge at 6.1 x 3.8 inches, it left me plenty of room for comfortably navigating web pages and performing gesture-based shortcuts.</p>\r\n\r\n<p><strong>MORE:&nbsp;<a href=\"http://www.tomsguide.com/us/best-gaming-keyboards,review-2009.html\">Our Favorite Gaming Keyboards</a></strong></p>\r\n\r\n<h3>Performance and Graphics: Now with Kaby Lake</h3>\r\n\r\n<p>I already knew the MacBook Pro would be a multitasking beast -- the notebook chewed through my heavy routine of running a dozen Chrome tabs and five Twitch streams while downloading an app and streaming music. But how much of a bump does it get from its new Kaby Lake series Core i7 CPU?</p>\r\n\r\n<p>A pretty solid one, it turns out. Our 15-inch Pro netted a 15,170 on the Geekbench 4 general performance test, making a notable improvement over last year&#39;s model (13,215) while also topping the Dell XPS 15 (13,911; Core i7-7700HQ), the Spectre x360 (8,017; Core i7-7500U) and our &nbsp;mainstream notebook average (11,068).</p>\r\n\r\n<p><img src=\"https://www.laptopmag.com/images/uploads/ppress/45276/macbook-pro-15-001.jpg\" style=\"height:435px; width:675px\" />The MacBook Pro&#39;s 512GB SSD copied about 5GB of files in just 7.6 seconds, for a blazing transfer rate of 653.9 MBps. That trumps the XPS 15&#39;s 512GB SSD (339.28), the Spectre x360&#39;s 512GB SSD (282.13) and our &nbsp;average (302.84).</p>\r\n\r\n<p>Packing discrete Radeon 560 graphics, the MacBook Pro is well-equipped for graphic-intensive tasks as well as some light gaming. The notebook ran the racing game Dirt 3 at a buttery- smooth 76.49 frames per second, topping last year&#39;s Radeon 455-powered model (60 fps) and the Spectre x360 (29 fps; GeForce 940MX), as well as our &nbsp;mainstream laptop average (53 fps).</p>\r\n\r\n<p><strong>MORE:&nbsp;<a href=\"http://www.laptopmag.com/articles/gpu-comparison\">Which GPU is Right For You</a></strong></p>\r\n\r\n<h3>Software</h3>\r\n\r\n<p>The new MacBook Pro ships with the same macOS Sierra software that first launched last year, which means you can look forward to talking to Siri, making Apple Pay payments with your fingerprint, and using your iPhone to unlock your laptop. The Mac experience will soon get even better with&nbsp;<a href=\"https://www.laptopmag.com/articles/macos-high-sierra-10-13-features\">macOS High Sierra</a>, which will offer a safer and faster Safari, smoother overall performance and support for virtual-reality applications. You can&nbsp;<a href=\"https://www.laptopmag.com/articles/macos-high-sierra-public-beta\">try out the public beta now</a>, or wait for the full thing this fall.</p>\r\n\r\n<h3>Webcam</h3>\r\n\r\n<p>The MacBook Pro&#39;s 720p FaceTime camera is as solid as ever, though it feels like time for Apple to make an upgrade. The shooter did a fine job accurately capturing my blue shirt and skin tone, but there was some pretty clear pixelation in my selfies -- even under decent lighting in our lab.</p>\r\n\r\n<h3>Battery Life</h3>\r\n\r\n<p>WIth the 15-inch MacBook Pro&#39;s impressive endurance, you can leave your charger at home. The laptop lasted a full 10 hours and 59 minutes on the LAPTOP Battery Test, which involves continuous surfing over Wi-Fi. That&#39;s far ahead of the mainstream laptop category average (6:52), the Dell XPS 15 (8:23) and the HP Spectre x360 (8:36). Last year&#39;s MacBook Pro endured for 10 hours and 32 minutes.</p>\r\n\r\n<p><strong>MORE:&nbsp;<a href=\"http://www.laptopmag.com/articles/all-day-strong-longest-lasting-notebooks\">Laptops with the Longest Battery Life</a></strong></p>\r\n\r\n<h3>Heat</h3>\r\n\r\n<p>The MacBook Pro&#39;s beastly performance comes with a caveat: it can get a little warm. After 15 minutes of streaming HD video, the notebook&#39;s touchpad rose to a manageable 81 degrees. However, the keyboard got too hot for our 95-degree comfort threshold at 96.5 degrees, and the laptop&#39;s underside came dangerously close at 94 degrees.</p>\r\n\r\n<h3>Configurations</h3>\r\n\r\n<p>The 15-inch MacBook Pro with Touch Bar starts at $2,399, which gets you a 15.4-inch, 2880 x 1800 display; a 2.8-GHz Intel Core i7 processor; 16GB of RAM; a 256GB PCIe SSD; and Radeon Pro 555 graphics. You can upgrade the storage to 512GB ($200), 1TB ($600) or 2TB ($1,400), as well as bump the graphics to a Pro 560 ($100) and the CPU to a 3.1-GHz Core i7 ($300).</p>\r\n\r\n<p><img src=\"https://www.laptopmag.com/images/uploads/ppress/45276/macbook-pro-15-002.jpg\" style=\"height:435px; width:675px\" />We reviewed the higher-end $2,799 model, which includes a faster 2.9-GHz Core i7 CPU, a 512GB SSD and Radeon Pro 560 graphics. As with the $2,399 model, you can shell out for more storage or a faster CPU clock.</p>\r\n\r\n<h3>Bottom Line</h3>\r\n\r\n<p>If you&#39;ve been on the fence about getting a MacBook Pro, now&#39;s a better time than ever to get one. Apple&#39;s highest-end notebook crams a ton of power into a wonderfully slim design, and its 15-inch Retina display is a beautifully bright canvas for getting work done or just kicking back with movies. While not absolutely essential, the Touch Bar opens up a whole bunch of neat control options that make the Mac even more intuitive and fun to use.</p>\r\n\r\n<p>The latest MacBook Pro delivers a slight performance bump with its Kaby Lake CPUs, but it&#39;s not a drastic enough change to warrant an upgrade from anyone who owns last year&#39;s model. There are lots of outstanding Windows alternatives out there -- the&nbsp;<a href=\"https://www.laptopmag.com/reviews/laptops/dell-xps-15\">Dell XPS 15</a>&nbsp;packs a 4K touch screen for hundreds of dollars less, while Microsoft&#39;s Surface Book ($1,499 starting) offers a detachable display that&#39;s great for drawing and note-taking. Still, for creative professionals and power users that prefer macOS, Apple&#39;s most powerful MacBook Pro is hard to top.</p>\r\n\r\n<ul>\r\n\t<li><a href=\"http://www.laptopmag.com/best-2-in-1s\">Best 2-in-1s (Laptop/Tablet Hybrids)</a></li>\r\n\t<li><a href=\"http://www.laptopmag.com/best-laptops-under-500\">Best Laptops Under $500</a></li>\r\n\t<li><a href=\"http://www.laptopmag.com/best-apple-laptops\">Best Apple Laptops</a></li>\r\n</ul>"}}, {"model": "econ.productinfo", "pk": 13, "fields": {"info": "<h1>Nike Air Zoom Pegasus 33 - Men&rsquo;s</h1>\r\n\r\n<p><img src=\"http://www.runnersworld.com/sites/runnersworld.com/files/shoe_images/nikeairzoompegasus33_m_r_600.jpg\" style=\"height:600px; width:600px\" /></p>\r\n\r\n<h3>THE BASICS</h3>\r\n\r\n<p>Gender:&nbsp;</p>\r\n\r\n<p>Men&rsquo;s</p>\r\n\r\n<p><a href=\"http://www.runnersworld.com/shoe/nike-air-zoom-pegasus-33-womens\">See Women&rsquo;s</a></p>\r\n\r\n<p>Type:&nbsp;</p>\r\n\r\n<p>Road</p>\r\n\r\n<p>Manufacturer:&nbsp;</p>\r\n\r\n<p>Nike</p>\r\n\r\n<p>MSRP:&nbsp;</p>\r\n\r\n<p>$120</p>\r\n\r\n<p><a name=\"buy-this-shoe\"></a></p>\r\n\r\n<h3>WHERE TO GET IT</h3>\r\n\r\n<p>Amazon</p>\r\n\r\n<p><a href=\"http://amzn.to/2gKRBQJ\" target=\"_blank\">BUY IT HERE</a></p>\r\n\r\n<p><iframe frameborder=\"0\" height=\"250\" id=\"google_ads_iframe_/3899/runnersworld/nike-air-zoom-pegasus-33-mens_0\" name=\"google_ads_iframe_/3899/runnersworld/nike-air-zoom-pegasus-33-mens_0\" scrolling=\"no\" title=\"3rd party ad content\" width=\"300\"></iframe></p>\r\n\r\n<p>ADVERTISEMENT</p>\r\n\r\n<h3>RUNNER&rsquo;S WORLD REVIEW</h3>\r\n\r\n<p>Something old, something new describes this 33rd version of the Pegasus. New is Zoom Air in the forefoot for the first time, giving it better cushioning yet losing none of its lively toe-off. The upper has been refined as well, with more precise placement and integration of the Flywire cables wrapping the midfoot for a secure hold. And the rubber on the sole is more segmented to enhance flexibility. All this adds up to something old: the fast, responsive ride of the original Pegasus, before it got thick and squishy in the mid 2000s. Testers liked nearly every aspect of this shoe, with specific praise for the soft-yet-secure wrap of the engineered mesh upper.</p>\r\n\r\n<p>Nike Air Zoom Pegasus 33</p>\r\n\r\n<p>Has the fast, responsive ride of the original Pegasus, before it got thick and squishy in the mid 2000s.</p>\r\n\r\n<p>Share</p>\r\n\r\n<p><iframe src=\"http://imasdk.googleapis.com/js/core/bridge3.173.4_en.html#goog_2047954828\"></iframe></p>\r\n\r\n<p>Play</p>\r\n\r\n<p>Unmute</p>\r\n\r\n<p>Current Time0:12</p>\r\n\r\n<p>/</p>\r\n\r\n<p>Duration Time1:15</p>\r\n\r\n<p>Loaded: 0%</p>\r\n\r\n<p>Progress: 0%</p>\r\n\r\n<p>&nbsp;</p>\r\n\r\n<p>Fullscreenx</p>\r\n\r\n<p><iframe frameborder=\"0\" height=\"100\" id=\"google_ads_iframe_/3899/runnersworld/air-zoom-pegasus-33_0\" name=\"google_ads_iframe_/3899/runnersworld/air-zoom-pegasus-33_0\" scrolling=\"no\" title=\"3rd party ad content\" width=\"450\"></iframe></p>\r\n\r\n<p><a href=\"javascript:void(0);\"><img id=\"9VcSKeLVIB5bzGx-skip_backward_button\" src=\"https://ovp.iris.tv/shared/images/prev.png\" /></a></p>\r\n\r\n<p><a href=\"javascript:void(0);\"><img id=\"9VcSKeLVIB5bzGx-skip_forward_button\" src=\"https://ovp.iris.tv/shared/images/next.png\" /></a></p>\r\n\r\n<h3>DATA FROM THE RUNNER&rsquo;S WORLD SHOE LAB&nbsp;<a href=\"http://www.runnersworld.com/help/shoe-finder-faq#specifications\" target=\"_blank\">what&rsquo;s this?</a></h3>\r\n\r\n<p>Weight:&nbsp;Moderate | 10.1 oz</p>\r\n\r\n<p>54% of shoes are lighter</p>\r\n\r\n<p>Very Heavy</p>\r\n\r\n<p>Very Light</p>\r\n\r\n<p>Heel-To-Toe-Drop:&nbsp;Very High | 11.7 mm</p>\r\n\r\n<p>83% of shoes have less drop</p>\r\n\r\n<p>Very High</p>\r\n\r\n<p>Zero</p>\r\n\r\n<p>Heel Height:&nbsp;High | 33.7 mm</p>\r\n\r\n<p>62% of shoes are lower at the heel</p>\r\n\r\n<p>Very High</p>\r\n\r\n<p>Very Low</p>\r\n\r\n<p>Heel Cushioning:&nbsp;Moderate</p>\r\n\r\n<p>52% of shoes are less cushioned at the heel</p>\r\n\r\n<p>Very Soft</p>\r\n\r\n<p>Very Firm</p>\r\n\r\n<p>Forefoot Height:&nbsp;Low | 22.0 mm</p>\r\n\r\n<p>39% of shoes are lower in the forefoot</p>\r\n\r\n<p>Very High</p>\r\n\r\n<p>Very Low</p>\r\n\r\n<p>Forefoot Cushioning:&nbsp;Moderate</p>\r\n\r\n<p>50% of shoes are less cushioned in the forefoot</p>\r\n\r\n<p>Very Soft</p>\r\n\r\n<p>Very Firm</p>\r\n\r\n<p>Flexibility:&nbsp;Stiff</p>\r\n\r\n<p>30% of shoes are less flexible</p>\r\n\r\n<p>Very Flexible</p>\r\n\r\n<p>Very Stiff</p>\r\n\r\n<p>Stability Features:&nbsp;Most</p>\r\n\r\n<p>85% of shoes have fewer stability features</p>\r\n\r\n<p>Most</p>\r\n\r\n<p>Few</p>\r\n\r\n<p>Energy Return:&nbsp;Less</p>\r\n\r\n<p>28% of shoes offer less energy return</p>\r\n\r\n<p>Most</p>"}}, {"model": "econ.productimage", "pk": 1, "fields": {"image": "", "image_link": "http://www.iservice.vn/image/cache/catalog/may/ipad/ipad_2017/silver_c-500x500.png", "product": 11}}, {"model": "econ.productimage", "pk": 2, "fields": {"image": "", "image_link": "https://fptshop.com.vn/Content/Images/uploaded/Phone%20IMG/Nokia/Nokia%20Lumia%20900%20(4).jpg", "product": 10}}, {"model": "econ.productimage", "pk": 3, "fields": {"image": "media/2017/07/17/16/55/04/redfullbody_1_1.jpg", "image_link": "http://www.iservice.vn/image/cache/catalog/may/iphone/ip6s_6splus/6s_all-500x500.png", "product": 9}}, {"model": "econ.productimage", "pk": 4, "fields": {"image": "", "image_link": "http://www.macstores.vn/wp-content/uploads/2017/07/Macbook-Pro-MPXR2.jpg", "product": 7}}, {"model": "econ.productimage", "pk": 5, "fields": {"image": "", "image_link": "http://www.mega.pk/items_images/4388870281inspiron-15r-n5110-hero-switch-295.jpg", "product": 6}}, {"model": "econ.productimage", "pk": 6, "fields": {"image": "", "image_link": "https://cdn.mediamart.vn/Upload/images/ufyvbsdin.png", "product": 2}}, {"model": "econ.productimage", "pk": 7, "fields": {"image": "", "image_link": "http://kreasitekno.co/wp-content/uploads/2016/02/Harga-laptop-Apple-Mac-Terbaru.jpg", "product": 12}}, {"model": "econ.productimage", "pk": 8, "fields": {"image": "", "image_link": "https://store.storeimages.cdn-apple.com/8750/as-images.apple.com/is/image/AppleInc/aos/published/images/M/AC/MACBOOKPRO/MACBOOKPRO?wid=1879&hei=1061&fmt=jpeg&qlt=95&op_sharpen=0&resMode=bicub&op_usm=0.5,0.5,0,0&iccEmbed=0&layer=comp&.v=6xyk93", "product": 12}}, {"model": "econ.productimage", "pk": 9, "fields": {"image": "", "image_link": "http://vn-live-01.slatic.net/p/2/apple-macbook-pro-mlh32-15-6inch-touch-bar-and-touch-id-hang-nhap-khau-5573-6186263-2c8ea1cccd30b861a876230b65bbe486-zoom.jpg", "product": 12}}, {"model": "econ.productimage", "pk": 10, "fields": {"image": "", "image_link": "http://www.runnersworld.com/sites/runnersworld.com/files/shoe_images/nikeairzoompegasus33_m_r_600.jpg", "product": 13}}, {"model": "econ.specific", "pk": 1, "fields": {"specific_name": "CPU", "specific_of": 2}}, {"model": "econ.specific", "pk": 2, "fields": {"specific_name": "GPU", "specific_of": 2}}, {"model": "econ.specific", "pk": 4, "fields": {"specific_name": "RAM", "specific_of": 2}}, {"model": "econ.specific", "pk": 5, "fields": {"specific_name": "Monitor", "specific_of": 2}}, {"model": "econ.specific", "pk": 6, "fields": {"specific_name": "Storage", "specific_of": 2}}, {"model": "econ.specific", "pk": 7, "fields": {"specific_name": "Batery", "specific_of": 2}}, {"model": "econ.specific", "pk": 8, "fields": {"specific_name": "Operation", "specific_of": 2}}, {"model": "econ.specific", "pk": 9, "fields": {"specific_name": "Screen", "specific_of": 5}}, {"model": "econ.specific", "pk": 10, "fields": {"specific_name": "Batery", "specific_of": 5}}, {"model": "econ.specific", "pk": 11, "fields": {"specific_name": "RAM", "specific_of": 5}}, {"model": "econ.specific", "pk": 13, "fields": {"specific_name": "Operation", "specific_of": 5}}, {"model": "econ.specific", "pk": 14, "fields": {"specific_name": "CPU", "specific_of": 5}}, {"model": "econ.specific", "pk": 15, "fields": {"specific_name": "Size", "specific_of": 5}}, {"model": "econ.specific", "pk": 16, "fields": {"specific_name": "Wifi", "specific_of": 5}}, {"model": "econ.specific", "pk": 17, "fields": {"specific_name": "Bluetooth", "specific_of": 5}}, {"model": "econ.specific", "pk": 18, "fields": {"specific_name": "Storage", "specific_of": 5}}, {"model": "econ.specific", "pk": 19, "fields": {"specific_name": "Audio Jack", "specific_of": 5}}, {"model": "econ.specific", "pk": 20, "fields": {"specific_name": "Sim Type", "specific_of": 5}}, {"model": "econ.specific", "pk": 21, "fields": {"specific_name": "Back Camera", "specific_of": 5}}, {"model": "econ.specific", "pk": 22, "fields": {"specific_name": "GPU", "specific_of": 5}}, {"model": "econ.specific", "pk": 23, "fields": {"specific_name": "Outsole", "specific_of": 31}}, {"model": "econ.specific", "pk": 24, "fields": {"specific_name": "ccc", "specific_of": 7}}, {"model": "econ.specificdetail", "pk": 1, "fields": {"detail_field": 1, "detail_value": "Core i7 - 7900K"}}, {"model": "econ.specificdetail", "pk": 2, "fields": {"detail_field": 2, "detail_value": "GTX 750 Ti"}}, {"model": "econ.specificdetail", "pk": 4, "fields": {"detail_field": 4, "detail_value": "8 GB"}}, {"model": "econ.specificdetail", "pk": 5, "fields": {"detail_field": 5, "detail_value": "LED HD 15' 1366x768"}}, {"model": "econ.specificdetail", "pk": 6, "fields": {"detail_field": 6, "detail_value": "HDD 1TB"}}, {"model": "econ.specificdetail", "pk": 7, "fields": {"detail_field": 7, "detail_value": "6Cell 48WH"}}, {"model": "econ.specificdetail", "pk": 8, "fields": {"detail_field": 1, "detail_value": "Core i5 - 4510M"}}, {"model": "econ.specificdetail", "pk": 9, "fields": {"detail_field": 2, "detail_value": "Intel HD 5000"}}, {"model": "econ.specificdetail", "pk": 10, "fields": {"detail_field": 4, "detail_value": "4GB"}}, {"model": "econ.specificdetail", "pk": 11, "fields": {"detail_field": 6, "detail_value": "SSD 256GB"}}, {"model": "econ.specificdetail", "pk": 12, "fields": {"detail_field": 5, "detail_value": "LED HD 1080p"}}, {"model": "econ.specificdetail", "pk": 13, "fields": {"detail_field": 1, "detail_value": "Core i3 - 5100M"}}, {"model": "econ.specificdetail", "pk": 14, "fields": {"detail_field": 8, "detail_value": "Windows 10"}}, {"model": "econ.specificdetail", "pk": 16, "fields": {"detail_field": 7, "detail_value": "4Cell 40Wh"}}, {"model": "econ.specificdetail", "pk": 18, "fields": {"detail_field": 5, "detail_value": "LED HD 1440x900"}}, {"model": "econ.specificdetail", "pk": 20, "fields": {"detail_field": 9, "detail_value": "Retina 750 \u00d7 1334"}}, {"model": "econ.specificdetail", "pk": 22, "fields": {"detail_field": 10, "detail_value": "3000 mah"}}, {"model": "econ.specificdetail", "pk": 24, "fields": {"detail_field": 9, "detail_value": "Retina 13.3 1440*900"}}, {"model": "econ.specificdetail", "pk": 25, "fields": {"detail_field": 11, "detail_value": "2GB"}}, {"model": "econ.specificdetail", "pk": 27, "fields": {"detail_field": 9, "detail_value": "TFT 360X640"}}, {"model": "econ.specificdetail", "pk": 28, "fields": {"detail_field": 11, "detail_value": "256MB"}}, {"model": "econ.specificdetail", "pk": 29, "fields": {"detail_field": 13, "detail_value": "MangoOS 10"}}, {"model": "econ.specificdetail", "pk": 30, "fields": {"detail_field": 13, "detail_value": "IOS 10.5"}}, {"model": "econ.specificdetail", "pk": 31, "fields": {"detail_field": 9, "detail_value": "Retina 9.7 1536 x 2048 pixels"}}, {"model": "econ.specificdetail", "pk": 32, "fields": {"detail_field": 10, "detail_value": "10hr"}}, {"model": "econ.specificdetail", "pk": 33, "fields": {"detail_field": 16, "detail_value": "a/b/g/n/ac"}}, {"model": "econ.specificdetail", "pk": 34, "fields": {"detail_field": 17, "detail_value": "Bluetooth EDR, 4.2, A2DP"}}, {"model": "econ.specificdetail", "pk": 35, "fields": {"detail_field": 14, "detail_value": "Apple A9 64-bit"}}, {"model": "econ.specificdetail", "pk": 36, "fields": {"detail_field": 18, "detail_value": "32GB"}}, {"model": "econ.specificdetail", "pk": 37, "fields": {"detail_field": 19, "detail_value": "3.5mm"}}, {"model": "econ.specificdetail", "pk": 38, "fields": {"detail_field": 20, "detail_value": "Nano-SIM 1 Slot"}}, {"model": "econ.specificdetail", "pk": 39, "fields": {"detail_field": 21, "detail_value": "8 MP"}}, {"model": "econ.specificdetail", "pk": 40, "fields": {"detail_field": 22, "detail_value": "PowerVR GT7600 (6-core graphics)"}}, {"model": "econ.specificdetail", "pk": 41, "fields": {"detail_field": 1, "detail_value": "Core Pentium 3"}}, {"model": "econ.specificdetail", "pk": 42, "fields": {"detail_field": 1, "detail_value": "Intel Celeron"}}, {"model": "econ.specificdetail", "pk": 43, "fields": {"detail_field": 13, "detail_value": "Ubuntu 17.04"}}, {"model": "econ.specificdetail", "pk": 44, "fields": {"detail_field": 8, "detail_value": "MacOS 11"}}, {"model": "econ.specificdetail", "pk": 45, "fields": {"detail_field": 11, "detail_value": "4GB"}}, {"model": "econ.specificdetail", "pk": 46, "fields": {"detail_field": 23, "detail_value": "Zoom"}}, {"model": "econ.specificdetail", "pk": 47, "fields": {"detail_field": 4, "detail_value": "16 GB"}}, {"model": "econ.specificdetail", "pk": 48, "fields": {"detail_field": 6, "detail_value": "SSD 512GB"}}, {"model": "econ.specificdetail", "pk": 49, "fields": {"detail_field": 5, "detail_value": "Retina 15.6 2560 * 1600"}}, {"model": "econ.specificdetail", "pk": 50, "fields": {"detail_field": 6, "detail_value": "SSD 1TB"}}, {"model": "econ.specificdetail", "pk": 51, "fields": {"detail_field": 4, "detail_value": "16GB"}}, {"model": "econ.specificdetail", "pk": 52, "fields": {"detail_field": 1, "detail_value": "Core i7 - 7760QM"}}, {"model": "econ.productoption", "pk": 6, "fields": {"prod": 6, "product_price_currency": "USD", "product_price": "0.00"}}, {"model": "econ.productoption", "pk": 7, "fields": {"prod": 6, "product_price_currency": "USD", "product_price": "0.05"}}, {"model": "econ.productoption", "pk": 9, "fields": {"prod": 11, "product_price_currency": "USD", "product_price": "0.00"}}, {"model": "econ.productoption", "pk": 10, "fields": {"prod": 11, "product_price_currency": "USD", "product_price": "0.00"}}, {"model": "econ.productoption", "pk": 11, "fields": {"prod": 2, "product_price_currency": "USD", "product_price": "500.00"}}, {"model": "econ.productoption", "pk": 55, "fields": {"prod": 9, "product_price_currency": "USD", "product_price": "0.00"}}, {"model": "econ.productoption", "pk": 103, "fields": {"prod": 12, "product_price_currency": "USD", "product_price": "800.00"}}, {"model": "econ.productoption", "pk": 104, "fields": {"prod": 12, "product_price_currency": "USD", "product_price": "700.00"}}, {"model": "econ.productoption", "pk": 121, "fields": {"prod": 11, "product_price_currency": "USD", "product_price": "0.00"}}, {"model": "econ.productoption", "pk": 122, "fields": {"prod": 15, "product_price_currency": "USD", "product_price": "0.00"}}, {"model": "econ.productoption", "pk": 123, "fields": {"prod": 7, "product_price_currency": "USD", "product_price": "0.00"}}, {"model": "econ.productoption", "pk": 124, "fields": {"prod": 7, "product_price_currency": "USD", "product_price": "0.00"}}, {"model": "econ.productspecdetail", "pk": 19, "fields": {"spec": 4, "desc": null, "prod": 6, "prod_option": null}}, {"model": "econ.productspecdetail", "pk": 20, "fields": {"spec": 2, "desc": null, "prod": 6, "prod_option": null}}, {"model": "econ.productspecdetail", "pk": 21, "fields": {"spec": 5, "desc": null, "prod": 6, "prod_option": null}}, {"model": "econ.productspecdetail", "pk": 22, "fields": {"spec": 6, "desc": null, "prod": 6, "prod_option": null}}, {"model": "econ.productspecdetail", "pk": 23, "fields": {"spec": 7, "desc": null, "prod": 6, "prod_option": null}}, {"model": "econ.productspecdetail", "pk": 24, "fields": {"spec": 8, "desc": null, "prod": 2, "prod_option": null}}, {"model": "econ.productspecdetail", "pk": 25, "fields": {"spec": 9, "desc": null, "prod": 2, "prod_option": null}}, {"model": "econ.productspecdetail", "pk": 26, "fields": {"spec": 10, "desc": null, "prod": 2, "prod_option": null}}, {"model": "econ.productspecdetail", "pk": 27, "fields": {"spec": 11, "desc": null, "prod": 2, "prod_option": null}}, {"model": "econ.productspecdetail", "pk": 28, "fields": {"spec": 14, "desc": null, "prod": 6, "prod_option": null}}, {"model": "econ.productspecdetail", "pk": 29, "fields": {"spec": 1, "desc": null, "prod": 6, "prod_option": null}}, {"model": "econ.productspecdetail", "pk": 30, "fields": {"spec": 13, "desc": null, "prod": 7, "prod_option": null}}, {"model": "econ.productspecdetail", "pk": 31, "fields": {"spec": 16, "desc": null, "prod": 7, "prod_option": null}}, {"model": "econ.productspecdetail", "pk": 32, "fields": {"spec": 9, "desc": null, "prod": 7, "prod_option": null}}, {"model": "econ.productspecdetail", "pk": 33, "fields": {"spec": 18, "desc": null, "prod": 7, "prod_option": null}}, {"model": "econ.productspecdetail", "pk": 34, "fields": {"spec": 10, "desc": null, "prod": 7, "prod_option": null}}, {"model": "econ.productspecdetail", "pk": 35, "fields": {"spec": 11, "desc": null, "prod": 7, "prod_option": null}}, {"model": "econ.productspecdetail", "pk": 39, "fields": {"spec": 24, "desc": null, "prod": 9, "prod_option": null}}, {"model": "econ.productspecdetail", "pk": 40, "fields": {"spec": 22, "desc": null, "prod": 9, "prod_option": null}}, {"model": "econ.productspecdetail", "pk": 41, "fields": {"spec": 25, "desc": null, "prod": 9, "prod_option": null}}, {"model": "econ.productspecdetail", "pk": 42, "fields": {"spec": 27, "desc": null, "prod": 10, "prod_option": null}}, {"model": "econ.productspecdetail", "pk": 43, "fields": {"spec": 22, "desc": null, "prod": 10, "prod_option": null}}, {"model": "econ.productspecdetail", "pk": 44, "fields": {"spec": 28, "desc": null, "prod": 10, "prod_option": null}}, {"model": "econ.productspecdetail", "pk": 45, "fields": {"spec": 29, "desc": null, "prod": 10, "prod_option": null}}, {"model": "econ.productspecdetail", "pk": 46, "fields": {"spec": 30, "desc": null, "prod": 9, "prod_option": null}}, {"model": "econ.productspecdetail", "pk": 47, "fields": {"spec": 31, "desc": "2048 * 1536 pixel", "prod": 11, "prod_option": null}}, {"model": "econ.productspecdetail", "pk": 48, "fields": {"spec": 35, "desc": "1.84 GHz", "prod": 11, "prod_option": null}}, {"model": "econ.productspecdetail", "pk": 49, "fields": {"spec": 30, "desc": null, "prod": 11, "prod_option": null}}, {"model": "econ.productspecdetail", "pk": 50, "fields": {"spec": 32, "desc": null, "prod": 11, "prod_option": null}}, {"model": "econ.productspecdetail", "pk": 51, "fields": {"spec": 33, "desc": null, "prod": 11, "prod_option": null}}, {"model": "econ.productspecdetail", "pk": 52, "fields": {"spec": 34, "desc": null, "prod": 11, "prod_option": null}}, {"model": "econ.productspecdetail", "pk": 53, "fields": {"spec": 36, "desc": null, "prod": 11, "prod_option": null}}, {"model": "econ.productspecdetail", "pk": 54, "fields": {"spec": 25, "desc": null, "prod": 11, "prod_option": null}}, {"model": "econ.productspecdetail", "pk": 55, "fields": {"spec": 37, "desc": null, "prod": 11, "prod_option": null}}, {"model": "econ.productspecdetail", "pk": 56, "fields": {"spec": 38, "desc": null, "prod": 11, "prod_option": null}}, {"model": "econ.productspecdetail", "pk": 57, "fields": {"spec": 39, "desc": "T\u01b0\u0323 \u0111\u00f4\u0323ng l\u00e2\u0301y ne\u0301t, cha\u0323m l\u00e2\u0301y ne\u0301t, nh\u00e2\u0323n di\u00ea\u0323n khu\u00f4n m\u0103\u0323t, nh\u1eadn di\u00ea\u0323n nu\u0323 c\u01b0\u01a1\u0300i, HDR, Panorama", "prod": 11, "prod_option": null}}, {"model": "econ.productspecdetail", "pk": 58, "fields": {"spec": 40, "desc": null, "prod": 11, "prod_option": null}}, {"model": "econ.productspecdetail", "pk": 59, "fields": {"spec": 5, "desc": null, "prod": 2, "prod_option": null}}, {"model": "econ.productspecdetail", "pk": 62, "fields": {"spec": 13, "desc": "aaaa", "prod": null, "prod_option": 11}}, {"model": "econ.productspecdetail", "pk": 63, "fields": {"spec": 10, "desc": null, "prod": null, "prod_option": 11}}, {"model": "econ.productspecdetail", "pk": 64, "fields": {"spec": 9, "desc": null, "prod": null, "prod_option": 11}}, {"model": "econ.productspecdetail", "pk": 70, "fields": {"spec": 1, "desc": null, "prod": 12, "prod_option": null}}, {"model": "econ.productspecdetail", "pk": 71, "fields": {"spec": 9, "desc": null, "prod": 12, "prod_option": null}}, {"model": "econ.productspecdetail", "pk": 72, "fields": {"spec": 11, "desc": null, "prod": null, "prod_option": 11}}, {"model": "econ.productspecdetail", "pk": 73, "fields": {"spec": 44, "desc": null, "prod": 7, "prod_option": null}}, {"model": "econ.productspecdetail", "pk": 74, "fields": {"spec": 44, "desc": null, "prod": 12, "prod_option": null}}, {"model": "econ.productspecdetail", "pk": 75, "fields": {"spec": 7, "desc": null, "prod": 12, "prod_option": null}}, {"model": "econ.productspecdetail", "pk": 105, "fields": {"spec": 24, "desc": null, "prod": null, "prod_option": 55}}, {"model": "econ.productspecdetail", "pk": 106, "fields": {"spec": 32, "desc": null, "prod": null, "prod_option": 55}}, {"model": "econ.productspecdetail", "pk": 107, "fields": {"spec": 29, "desc": null, "prod": null, "prod_option": 55}}, {"model": "econ.productspecdetail", "pk": 109, "fields": {"spec": 28, "desc": null, "prod": null, "prod_option": 55}}, {"model": "econ.productspecdetail", "pk": 110, "fields": {"spec": 50, "desc": null, "prod": null, "prod_option": 103}}, {"model": "econ.productspecdetail", "pk": 111, "fields": {"spec": 2, "desc": null, "prod": null, "prod_option": 104}}, {"model": "econ.productspecdetail", "pk": 112, "fields": {"spec": 46, "desc": null, "prod": 13, "prod_option": null}}, {"model": "econ.productspecdetail", "pk": 113, "fields": {"spec": 47, "desc": null, "prod": 12, "prod_option": null}}, {"model": "econ.productspecdetail", "pk": 114, "fields": {"spec": 48, "desc": null, "prod": 12, "prod_option": null}}, {"model": "econ.productspecdetail", "pk": 115, "fields": {"spec": 49, "desc": null, "prod": 12, "prod_option": null}}, {"model": "econ.productspecdetail", "pk": 116, "fields": {"spec": 51, "desc": null, "prod": null, "prod_option": 103}}, {"model": "econ.productspecdetail", "pk": 117, "fields": {"spec": 52, "desc": null, "prod": null, "prod_option": 103}}, {"model": "econ.productspecdetail", "pk": 118, "fields": {"spec": 2, "desc": null, "prod": null, "prod_option": 103}}, {"model": "econ.productspecdetail", "pk": 119, "fields": {"spec": 52, "desc": null, "prod": 15, "prod_option": null}}, {"model": "econ.productspecdetail", "pk": 120, "fields": {"spec": 51, "desc": null, "prod": 15, "prod_option": null}}, {"model": "econ.productspecdetail", "pk": 121, "fields": {"spec": 2, "desc": null, "prod": 15, "prod_option": null}}, {"model": "econ.productspecdetail", "pk": 122, "fields": {"spec": 7, "desc": null, "prod": 15, "prod_option": null}}, {"model": "econ.productspecdetail", "pk": 123, "fields": {"spec": 16, "desc": null, "prod": null, "prod_option": 122}}, {"model": "econ.productspecdetail", "pk": 124, "fields": {"spec": 47, "desc": null, "prod": null, "prod_option": 122}}, {"model": "econ.productspecdetail", "pk": 125, "fields": {"spec": 52, "desc": null, "prod": null, "prod_option": 122}}, {"model": "econ.productspecdetail", "pk": 126, "fields": {"spec": 2, "desc": null, "prod": null, "prod_option": 122}}, {"model": "econ.productspecdetail", "pk": 127, "fields": {"spec": 16, "desc": null, "prod": null, "prod_option": 123}}, {"model": "econ.productspecdetail", "pk": 128, "fields": {"spec": 13, "desc": null, "prod": null, "prod_option": 123}}, {"model": "econ.productspecdetail", "pk": 129, "fields": {"spec": 2, "desc": null, "prod": null, "prod_option": 123}}, {"model": "econ.productspecdetail", "pk": 130, "fields": {"spec": 18, "desc": null, "prod": null, "prod_option": 123}}, {"model": "econ.productspecdetail", "pk": 131, "fields": {"spec": 16, "desc": null, "prod": null, "prod_option": 124}}, {"model": "econ.productspecdetail", "pk": 132, "fields": {"spec": 13, "desc": null, "prod": null, "prod_option": 124}}, {"model": "econ.productspecdetail", "pk": 133, "fields": {"spec": 2, "desc": null, "prod": null, "prod_option": 124}}, {"model": "econ.productspecdetail", "pk": 134, "fields": {"spec": 12, "desc": null, "prod": null, "prod_option": 124}}, {"model": "econ.productspecdetail", "pk": 135, "fields": {"spec": 14, "desc": null, "prod": null, "prod_option": 124}}]